id,title,summary,content
1,Divine Omen No. 01,"
Divine Omen No. 01: Lord Jiang's Ennoblement

Omen Fortune: Supreme Auspicious Omen

Divine Omen Poem:
The first divine omen obtained,
When dragon and tiger meet with wind and clouds.
Once soaring to the heavens in self-joy,
You may freely come and go to the Jade Pool.

Historical Context:
Jiang Ziya, commonly known as Grand Duke Jiang, was a founding hero of the Zhou Dynasty. He assisted King Wu of Zhou in defeating the tyrant King Zhou, achieving victory in numerous battles against overwhelming odds, as if aided by divine intervention. The ""Investiture of the Gods"" records how Lord Jiang obtained the divine register with the assistance of deities such as the Primordial Heavenly Venerable, Taiyi Zhenren, and the Southern Immortal Elder.

Divine Fortune Interpretation:
Congratulations on obtaining this supreme auspicious omen! Like the dragon and tiger meeting with wind and clouds, your great aspirations will be fulfilled, and you will reach the realm of ultimate goodness and joy. This signifies success in all directions, favorable circumstances everywhere, and everything going according to your wishes.

Fortune Forecast:

Success: Official rank achieved, wealth abundant, livestock prosperous, household flourishing, illness cured, silkworms productive.

Personal: Pregnancy brings sons, marriage harmonious, travelers arrive swiftly, all plans and hopes fully realized.

Annual Fortune: Extremely auspicious - what was lost last year will be regained this year.

Career: Easier to achieve goals due to support from many noble patrons.

Wealth: The omen suggests abundant legitimate income and some unexpected windfalls.

Personal Well-being: Smooth and peaceful throughout all four seasons.

Family: Harmonious and auspicious, favorable for adding new members this year.

Romance: Happy love life, those seeking marriage should not miss this year's good opportunity.

Relocation: Opportunities for property purchase, moving, and immigration.

Reputation: Easy to receive commendations in studies, career, and social service.

Health: The omen suggests long-troublesome minor ailments will soon become a thing of the past.

Friendship: Many noble friends, difficult for petty people to harm, build good karma, make new friends.

Feng Shui: Brings both nobility and prosperity.

Lost Items: Will be recovered.

Personal Fortune: Peaceful throughout all seasons.

Weather: Bountiful and joyous.

Business: Joyful atmosphere everywhere.

Travel: All journeys meet with satisfaction.",
2,Divine Omen No. 02,"Divine Omen No. 02: Wang Daozhen's Accidental Entry into Peach Blossom Spring
Omen Fortune: Very Auspicious Omen

Divine Omen Poem:
Withered wood meets spring and sprouts anew,
Flowers bloom with lush leaves, butterflies frequent.
Peach Blossom Spring competes in myriad reds and purples,
A fishing boat with one leaf accidentally enters the ford.

Historical Context:
Peach Blossom Spring refers to the utopian paradise described by Tao Yuanming of the Jin Dynasty. Legend has it that this fortunate person, Wang Daozhen, also sailed downstream by boat and accidentally reached Peach Blossom Spring, where he saw a group of pre-Qin refugees who had escaped the chaos of war, living happily and carefree in a realm where withered wood meets spring, flowers compete in beauty, myriad colors abound, fragrance fills the air, and butterflies dance.

Divine Fortune Interpretation:
Obtaining this omen poem suggests a turning point from adversity to prosperity, like withered wood meeting spring, fortune changing, and carefree happiness. Therefore, all good things need not be forcefully pursued; following nature and doing one's best will bring unexpected rewards. Withered wood sprouts new buds when spring arrives. Fragrant flowers and lush leaves attract frequent butterfly visits.

Fortune Forecast:

Success: Wealth prospects, illness curable, silkworms profitable, marriage destined, household auspicious, travelers return.

Personal: Livestock prosperous, move forward well, pregnancy brings many offspring, all plans and hopes bring complete fortune and blessings.

Annual Fortune: The omen suggests constant joy this year, no danger, possible unexpected gains.

Career: Water flows naturally to channels, everything follows its natural course, good results guaranteed.

Wealth: The omen suggests unexpected wealth, but avoid becoming addicted to speculation and gambling.

Personal Well-being: Many noble patrons, safety assured. Strictly avoid conflicts with others.

Family: Harmonious, joyful, seize the moment for happiness.

Romance: Unmarried people easily meet destined partners. Married couples harmonious, but avoid extramarital affairs.

Relocation: Peach Blossom Spring symbolizes escaping worldly chaos, seize the opportunity.

Reputation: Never do things for fame and reputation, why chase empty fame?

Health: Opportunity to turn weakness into strength this year, engage in more outdoor exercise.

Friendship: The omen suggests meeting noble patrons when going out, friends bring immeasurable joy.

Feng Shui: Small prosperity in family and wealth.

Lost Items: Recovered unexpectedly.

Personal Fortune: Cultivation brings immortal connection.

Weather: Joyful and delightful.

Travel: Unexpectedly meet noble patrons.",
3,Divine Omen No. 03,"Divine Omen No. 03: Lu Ban Opens the Mountain
Omen Fortune: Neutral Omen

Divine Omen Poem:
The trees of Ox Mountain are all beautiful,
But sadly the axe workers have cut them all down.
Great vessels and materials become useless,
How can one carve without proper rules and measurements?

Historical Context:
Lu Ban, a native of the State of Lu during the Spring and Autumn Period, invented various civil engineering and construction tools and is revered as the founding master of the construction industry. He once instructed his disciples never to recklessly cut down trees, as this rich Ox Mountain became barren and bald, with not a single suitable material available.

Divine Fortune Interpretation:
The main meaning of this divine omen is that although one originally had excellent conditions, improper handling has caused advantages to be lost unconsciously. When urgently needing people, wealth, or materials, one realizes there's nothing left. This suggests cherishing resources, beingware of petty people, and abandoning bad habits.

Fortune Forecast:

Success: Fame and profit should be sought according to reason, silkworms and marriage should not be recklessly pursued, illness requires careful medical attention to avoid disaster.

Personal: For household matters, cultivate virtue, travel not yet arrived, pregnancy brings worries, all plans should avoid greed.

Annual Fortune: First half of the year average, should prepare for rainy days, otherwise the second half will bring adversity.

Career: Better to defend than attack, most importantly avoid acting alone.

Wealth: The omen suggests legitimate wealth fortune isn't too bad, avoid gambling, don't be greedy or scheming.

Personal Well-being: Cultivate yourself well, be careful with words and actions.

Family: Be filial to parents, create harmonious atmosphere at home.

Romance: This year is not a good time for marriage. Beware of petty people of the opposite sex.

Relocation: Long journeys face obstacles. Be careful of personal and financial safety when traveling or moving.

Reputation: Don't show off strength, don't seek attention.

Health: Treat illness early, nursing illness is like nursing a tiger, be careful.

Friendship: Choose friends carefully, don't be influenced by petty people to make bad attempts.

Feng Shui: Many things don't fit the cutting and tailoring.

Lost Items: Original items may be difficult to recover.

Personal Fortune: Cultivation brings peace.

Weather: Wind and rain come at inappropriate times.

Travel: The omen suggests beware of petty people's gossip.",
4,Divine Omen No. 04,"Divine Omen No. 04: Dong Yong Meets the Immortal
Omen Fortune: Moderately Auspicious Omen

Divine Omen Poem:
Young purple swallows at the eaves,
Chattering softly near noon.
Coming and going, low then high,
Sometimes cutting through green willow mist.

Historical Context:
Dong Yong, a native of Qiancheng, lost his mother young and was left to care for his father alone. He wandered to Xiaogan. When his father died, he had no money for burial, so he borrowed ten thousand coins from someone. Later, having no money to repay, he was to become a slave. One day while cutting firewood on the mountain, he fell asleep exhausted. Heaven, seeing his filial piety, sent down an immortal maiden to marry him.

When Dong Yong woke and saw the woman, he feared she was a demon. The woman stopped him, saying she had no parents and no support, and wanted to become husband and wife. Dong Yong, seeing her pitiful state, took her home. His master blamed Dong Yong for abducting a woman, which would bring disaster to his master. Later, they temporarily kept the woman and searched everywhere for families who had lost a woman. Only then did they allow the marriage.

The immortal wife wove fifty zhang of brocade in a hundred days. She cut half to sell at the market for silver to redeem Dong Yong's freedom. Later, she presented the brocade and was granted the title of ""Treasure Presenting Scholar.""

Divine Fortune Interpretation:
This divine omen describes the natural scenery that Dong Yong and the immortal maiden saw in spring. Swallows shuttling back and forth at the eaves, searching for food, returning to the nest to feed the next generation. It's comforting that swallows, to nurture the next generation, will definitely choose safer environments to build nests. The first two lines show the mother swallow chattering softly with her young at the eaves, indicating signs of peace.

The last two lines of the omen remind us that the young swallows' parents, in search of food, come and go, sometimes high sometimes low, suggesting fortunes that rise and fall, sometimes good sometimes bad, with fluctuations throughout the year.

Fortune Forecast:

Success: Household peaceful, wealth brings small profit, marriage attainable, travel gradually arrives, illness requires caution, silkworms and livestock prosperous.

Personal: Pregnancy brings joy, raising livestock also suitable, all plans and hopes require knowing the right timing.

Annual Fortune: Generally stable, but fortunes have ups and downs.

Career: Must be diligent and hardworking, closely watch external situations, know when to advance and retreat.

Wealth: Wealth fortune has smooth and rough currents, but fluctuations won't be too great.

Personal Well-being: No major issues, should be humble and sociable.

Family: Household peaceful, harmony brings good fortune.

Romance: Love fortune quite good, marriage happy.

Relocation: The omen suggests opportunities for moving, especially in spring and autumn.

Reputation: Your diligence will definitely gain others' appreciation.

Health: Pay attention to physical conditioning, balance work and rest appropriately.

Friendship: Both receive help from friends and should help the weak.

Feng Shui: Stable, no concerns.

Lost Items: Recovery date uncertain.

Personal Fortune: Nurture your own spirit.

Weather: Abundance or scarcity unknown.

Travel: The omen suggests beware of petty people.",
5,Divine Omen No. 05,"Divine Omen No. 05: Lady Han Cherishes Flowers
Omen Fortune: Moderately Auspicious Omen

Divine Omen Poem:
Last night fierce winds raged in the eastern garden,
All the myriad reds and purples were completely toppled.
Fortunately, a flower-cherishing person rose early,
Nurtured the roots back and replanted them to grow.

Historical Context:
Lady Han was a concubine of Emperor Yang of Sui, said to be a person who cherished flowers. Lady Han's flower cherishing has another omen poem as follows:

When the garden's peach and plum trees are in full bloom,
Light white and deep red colors are all suitable.
Why does the east wind bitterly envy them?
At dawn it breaks off the highest branches.

Divine Fortune Interpretation:
This divine omen issues a warning: this year will have greater setbacks, weather conditions are somewhat poor, geographical advantages are easily lost. The only redeeming factor is human harmony, hoping for noble patrons to help overcome difficulties and restore vitality.

The hundred flowers of the eastern garden were ravaged by fierce winds, but fortunately there was a flower-cherishing person who spared no effort to handle the aftermath and turn danger into safety. This flower-cherishing person could be oneself or someone else.

Fortune Forecast:

Success: Fame and profit must wait for the right time, household fortune stagnant, travelers delayed, pregnancy risky, illness requires choosing doctors carefully.

Personal: Travel obstructed, marriage hesitant, silkworms and livestock bring minimal profit, all plans and hopes should be cautious.

Annual Fortune: There are obstacles, a pattern of bitterness first then sweetness.

Career: Although the situation is unfavorable, relying on one's own efforts can ensure safety.

Wealth: There are signs of small financial losses, don't have too much hope for money.

Personal Well-being: Must cultivate heart and nature to remain calm in crisis.

Family: Someone in the family may suffer from frequent illness and pain.

Romance: The omen suggests not to marry this year. Love affairs may face setbacks.

Relocation: Immigration faces obstacles, moving is also not advisable. Forcing it will result in financial loss.

Reputation: After experiencing setbacks, others may discover your true capabilities.

Health: Don't self-medicate when ill, and don't trust quack doctors.

Friendship: In times of hardship, you'll see more clearly who your true friends are.

Feng Shui: Family and wealth may decline.

Lost Items: Can be recovered through personal connections.

Personal Fortune: Cultivating goodness avoids disaster.

Weather: Difficult to avoid calamities.

Travel: Damage may be unspeakable.",
6,Divine Omen No. 06,"Divine Omen No. 06: Wang Xizhi Returns to His Homeland
Omen Fortune: Very Auspicious Omen

Divine Omen Poem:
A solitary sail returns from ten thousand miles,
Pipes and strings cease, wine cups are set aside.
Like clouds, noble friends discuss wind and moon,
Freely sharing deep emotions, utmost joy.

Historical Context:
Wang Xizhi, a native of the Eastern Jin Dynasty, came from a noble family and served as Right Army General and Governor of Kuaiji. Later, he resigned from office and returned to his homeland in Shaoxing, Zhejiang, where he studied calligraphy and achieved outstanding accomplishments, developing his own unique style and pioneering a new path for future brush calligraphy.

The famous calligrapher Wang Xizhi was returning home from ten thousand miles away. He often played the flute and zither while drinking wine. Many friends gathered to discuss wind and moon. His mood was joyful and extremely happy.

Divine Fortune Interpretation:
This divine omen describes a person with talent and substantial financial foundation who abandons the struggles of officialdom, bravely retreats from the rapid current, and resolutely returns to his homeland. On one hand, he enjoys the pleasures of family reunion and friendship, living leisurely and carefree; on the other hand, he can continue developing his expertise and gain fame for future generations.

Fortune Forecast:

Success: Silkworms profitable, fame certain, travelers arrive, household prosperous, illness cured, wealth abundant.

Personal: Livestock auspicious, marriage successful, if pregnant, noble son born, all plans and hopes bring complete enjoyment.

Annual Fortune: Extremely auspicious, especially in autumn and winter.

Career: Everything goes smoothly, being more accommodating to those around you will be even better.

Wealth: Earns much money, but also spends much.

Personal Well-being: Peaceful and uneventful, do more good deeds and accumulate blessings, good fortune will continue.

Family: Family fortune flourishing, can seize the moment for happiness.

Romance: Husband and wife harmonious, unmarried people have good opportunities at year's end.

Relocation: Whether moving or immigrating abroad, seek peace of mind.

Reputation: Help others more, do more public service, fame and merit built unconsciously.

Health: Body and mind joyful, can maintain best condition.

Friendship: Will make new friends with similar aspirations.

Feng Shui: Stable and naturally prosperous.

Lost Items: The omen suggests seeking in multiple places will bring recovery.

Personal Fortune: The omen suggests accumulating goodness brings noble patrons.

Weather: Both wind and rain bring joy.

Travel: Everything meets with satisfaction.",
7,Divine Omen No. 07,"Divine Omen No. 07: Ren Gui Returns Home
Omen Fortune: Moderately Auspicious Omen

Divine Omen Poem:
Autumn comes, migrating geese return south,
Red leaves scatter and fly throughout the courtyard.
The sound of pounding clothes on city walls pierces the ears,
River maples burn like fire on the fishing rocks.

Historical Context:
Xue Ren Gui, a famous general of the Tang Dynasty, led armies to conquer the east, repeatedly achieving military merit, and was granted the title of Duke of Pingyang. Xue Ren Gui conquered the east, returned victorious to court, was granted a royal title, and returned home. At that time, autumn was turning cold, geese were flying south, red leaves were falling, people were washing winter clothes. This autumn scene of desolation, though not harmful, also lacked joy.

Divine Fortune Interpretation:
This divine omen shows the good fortune of Xue Ren Gui returning home in glory after conquering the east, achieving victory at court, and receiving rewards and honors. However, sadly, soldiers age easily, youth is consumed in war, and on the journey home, they encounter autumn.

Migrating geese returning south and red leaves flying scatteringly, most heartbreaking is that many soldiers' wives are pounding clothes on the city walls. This suggests there will be beauty with flaws, and disappointing or disheartening events will occur.

Fortune Forecast:

Success: For household matters, be vigilant, marriage incompatible, wealth average, silkworms and livestock slightly damaged.

Personal: Illness and pregnancy require good prayers, travelers obstructed, not yet returned home, all plans and hopes bring little auspiciousness.

Annual Fortune: Generally stable, spring better, summer even better, but be careful when autumn arrives.

Career: Will achieve success even in difficulties, but shouldn't be too obsessed.

Wealth: The omen suggests wealth fortune is only average, be careful of theft.

Personal Well-being: Average and ordinary, which is actually worth congratulating.

Family: Besides paying attention to home security, remember that harmony is precious.

Romance: Between husband and wife, conflicts easily arise. Unmarried people best not marry this year.

Relocation: Use constancy to respond to change, change environment, try to complete in the first half of the year.

Reputation: Best not to accept empty fame.

Health: Prone to neurasthenia, especially in the second half of the year.

Friendship: The omen suggests not to climb high to those with wealth and power.

Feng Shui: Average, nothing to gain.

Lost Items: Difficult to find original items.

Personal Fortune: Be careful after autumn.

Weather: Many inconveniences.

Travel: Plain without much good.",
8,Divine Omen No. 08,"Divine Omen No. 08: Cui Zi Kills His Father
Omen Fortune: Very Inauspicious Omen

Divine Omen Poem:
Doves compete to seize magpie's nest,
Host and guest at odds, intentions uneasy.
Full mountain of tall pines with dodder vines attached,
And guess what the poem's words mean.

Historical Context:
The ""Book of Songs: Shao Nan: Magpie's Nest"" says: ""The magpie has a nest, the dove dwells in it."" Magpies are skilled at building nests, while doves and pigeons don't understand nest-building and often rely on bullying to occupy them. This shows the image of a host being bullied by a guest, commonly known as ""the guest occupying the host's land.""

Divine Fortune Interpretation:
Dodder vines, a type of climbing plant, wrap around the pine trees on the mountain. This shows the image of being trapped and petty people attaching themselves. During the Spring and Autumn Period, Cui Zi, because his wife was taken by the King of Qi, became angry and raised an army to kill him.

This divine omen has the image of doves occupying magpie nests. Within the year, beware of petty people's bullying and evil people's invasion. Be careful with every word and action. All matters should be endured rather than forcefully contested. Fear being dragged into disputes and difficulties. Hard to extricate oneself and must depend on others. This is an omen of more misfortune than good fortune.

Fortune Forecast:

Success: Household fortune stagnant, travel not yet returned, illness and pregnancy require careful attention, all plans and hopes bring no benefit.

Personal: Silkworms and livestock may have losses, wealth seekers should not act recklessly, marriage discussions bring no harmony.

Annual Fortune: Many disputes, and as one wave subsides another rises.

Career: Extremely difficult to achieve success, in maintaining business, beware of evil and treacherous people.

Wealth: The omen suggests being able to maintain current status is already fortunate, strictly avoid greed and scheming.

Personal Well-being: Petty people cling to you, disputes constantly in your ears, be careful with words.

Family: Household fortune stagnant, women and children must be especially careful with comings and goings and making friends.

Romance: Both marriage and love face severe tests, beware of third parties appearing.

Relocation: Opportunities minimal, if forcing matters, must choose carefully and make offerings to the Vermilion Bird.

Reputation: The omen suggests all matters should be endured, harmony is precious.

Health: More illness and pain, especially in spring and autumn.

Friendship: Those who come to discuss disputes are dispute-makers. Don't be deceived by sweet talk and smooth tongues.

Feng Shui: Evil spirits bring much damage.

Lost Items: Lost then found again.

Personal Fortune: Much illness and gossip.

Weather: Worrisome with no joy.

Travel: Failure without success.",
9,Divine Omen No. 09,"Divine Omen No. 09: Tao Yuanming Appreciates Chrysanthemums
Omen Fortune: Very Auspicious Omen

Divine Omen Poem:
A jade qin plays a new melody,
Bright moon and clear breeze, pillow and mat cool.
All distinguished guests gather to appreciate chrysanthemums,
Some sing, some dance, some fly wine cups.

Historical Context:
Tao Yuanming, a man of insight from the Jin Dynasty, would not bow for five pecks of rice, abandoned official salary, returned home to enjoy a simple life. Around his hermitage, he planted chrysanthemums everywhere, enjoying the pleasures of rural life while writing books and establishing theories, producing many articles and poems that are still recited today.

Divine Fortune Interpretation:
The omen shows an autumn scene with bright moon and clear breeze, spreading pillows and mats in the courtyard, a jade qin playing fresh and pure melodies, drinking wine and appreciating chrysanthemums with good friends, completely unrestrained, singing and dancing. What joy is this? Those who obtain this divine omen have the signs of favorable timing, geographical advantage, and human harmony. Everything goes according to their wishes.

Fortune Forecast:

Success: Household peaceful, travelers arrive, illness cured, pregnancy brings sons, silkworms and livestock all profitable.

Personal: If seeking wealth, will be satisfied, all plans and hopes bring satisfaction, marriage brings perfect harmony.

Annual Fortune: Very auspicious, especially after the beginning of autumn.

Career: Everything should not be forcefully pursued, accept what comes.

Wealth: Don't need to be too deliberate in seeking wealth, wealth will come naturally.

Personal Well-being: Peaceful and very auspicious, enjoy happiness when it comes.

Family: Harmonious and happy, adding new members at year's end best fits this omen.

Romance: Married couples, husband leads wife follows; unmarried people, lovers finally become couples.

Relocation: This is a very auspicious omen for immigration, should seize the opportunity.

Reputation: Often receive others' respect, always maintain humility.

Health: May have minor illnesses in spring, but recover quickly.

Friendship: Many noble patrons, petty people difficult to invade.

Feng Shui: Will bring family and wealth.

Lost Items: Soon recovered.

Personal Fortune: Peaceful without illness.

Weather: People and things all bring joy.

Travel: The omen suggests noble patrons everywhere.",
10,Divine Omen No. 10,"Divine Omen No. 10: Su Qin Fails the Examination
Omen Fortune: Neutral Omen

Divine Omen Poem:
A round moon mirror hangs in the sky,
Occasionally covered by layers of floating clouds.
When will the jade box emit its light?
Who will lend me a fierce wind?

Historical Context:
During the Warring States period, Su Qin took examinations multiple times but failed. Originally, he was a very learned and insightful person, but unfortunately his fortune had not yet opened. Fortunately, he did not become disheartened by temporary setbacks. With indomitable will, he finally achieved the position of prime minister.

Divine Fortune Interpretation:
The bright moon and jade box represent a person's true talent and learning. Sadly, they are occasionally covered by floating clouds, unable to display their brilliance. ""Who will lend me a fierce wind?"" expresses a sigh of waiting for opportunity and not yet meeting noble patrons.

This suggests that those who obtain this divine omen should not act rashly. They should endure and wait for the right time, not act recklessly, avoid petty people's gossip. Soon noble patrons will come to help, dispelling this minor calamity. This is an omen of good fortune with slight misfortune.

Fortune Forecast:

Success: Marriage incompatible, illness requires careful medical attention, household fortune stagnant, travelers delayed, wealth seekers must wait for the right time.

Personal: Pregnancy will bring daughters, silkworms and livestock require careful attention, all plans and hopes require careful consideration.

Annual Fortune: This year has many obstacles, better to use constancy to respond to change.

Career: Action is not as good as stillness, unless meeting great noble patrons, otherwise better to maintain stability.

Wealth: The omen suggests opportunities for great wealth and windfalls are minimal, but small wealth is frequent.

Personal Well-being: Generally peaceful, no matter what happens, no major issues.

Family: Harmony can bring good fortune early. Having a daughter this year will bring good changes to the family.

Romance: Husband and wife often have minor conflicts, should avoid. Not suitable to marry this year.

Relocation: Opportunities for immigrating abroad or moving to new homes.

Reputation: Might as well do more for the public.

Health: Often have minor illnesses like headaches, colds, and sleep disturbances.

Friendship: The omen suggests staying away from petty people, don't interact too closely with friends of the opposite sex.

Feng Shui: This place temporarily loses fortune.

Lost Items: Wait for the right time, no need to ask.

Personal Fortune: When there are matters, no need to worry.

Weather: Slightly unsatisfactory.

Travel: Be careful, no harm will come.",
11,Divine Omen No. 11,"Divine Omen No. 11: Emperor Wen of Han Appreciates Willows
Omen Fortune: Very Auspicious Omen

Divine Omen Poem:
Willows hang over the dike, locking in green mist,
Long days bring three rises and three sleeps.
Purple swallows come and go, dancing in flight,
Gracefully swaying in the wind, charming me to love.

Historical Context:
Emperor Wen of Han was an emperor who implemented benevolent governance and was close to the people. During his twenty-three-year reign, he implemented a ""rest with the people"" policy, reducing land taxes, corv?e labor, and criminal punishments. After quelling the L? clan rebellion, the national economy and people's livelihood recovered, and agricultural production developed rapidly.

Divine Fortune Interpretation:
Emperor Wen of Han most enjoyed appreciating the beauty of willows. To improve work efficiency, he adopted segmented sleep method, sleeping three times and rising three times daily. After waking, he would always appreciate the beautiful scenery of green willows hanging over the dike, with purple swallows dancing among them. The willows sometimes hang down, sometimes rise up, and have swallows flying back and forth among them, swaying in the wind, creating a delightful scene.

Obtaining this divine omen shows the sign of everything going according to wishes, all plans and hopes bringing good fortune.

Fortune Forecast:

Success: Livestock auspicious, household prosperous, wealth attainable, illness cured, pregnancy brings sons, fame certain.

Personal: All plans and hopes bring good fortune, travelers arrive, marriage excellent, silkworms profitable, joy unlimited.

Annual Fortune: Everything auspicious and satisfactory, joyful without worries.

Career: Will achieve extremely significant accomplishments, but everything must be done personally.

Wealth: Legitimate wealth flows in continuously, windfalls are extremely rare.

Personal Well-being: Peaceful, but must accumulate more blessings for the future.

Family: Parents are kind, children are filial, harmony and joy abound.

Romance: Husband and wife's feelings get better and better. Unmarried people can form good relationships this year.

Relocation: Opportunities for moving and immigration, and noble patrons on the journey.

Reputation: Can establish reputation and merit.

Health: Do more outdoor exercise, can extend life and prevent illness.

Friendship: Turn enemies into friends, should expand social circles.

Feng Shui: The omen suggests auspicious places are loved by people.

Lost Items: Will definitely be found when sought.

Personal Fortune: Accumulating goodness brings peace.

Weather: Both wind and rain bring joy.

Travel: The omen suggests petty people become noble patrons.",
12,Divine Omen No. 12,"Divine Omen No. 12: Taibai Fishes for the Moon
Omen Fortune: Very Inauspicious Omen

Divine Omen Poem:
Mirage and sea market illusions boundless,
Ten thousand zhang reaching high to touch the sky.
Sometimes scattered by sudden fierce winds,
Sometimes still gathering into blue smoke.

Historical Context:
Taibai refers to Li Bai, the great Tang Dynasty poet. Li Bai was frustrated in officialdom and made poetry and wine his friends. He was chivalrous and unrestrained. The story of the drunkard fishing for the moon features him as the protagonist. Alone and heavily drunk, Li Taibai, who always had thoughts of seeking immortality, gazed at the moon's reflection in the water, feeling ethereal, and actually reached out to fish for the moon in the water.

Divine Fortune Interpretation:
Sea clams exhale breath like towers, reaching high to touch the sky. When wind comes, they scatter. Though scattered, they gather again like floating smoke, unable to last long. This is a scene of complete emptiness and instability. Those who obtain this divine omen should do good deeds as the foundation, then they can be stable and lasting, nothing will be scattered by others. This omen has more misfortune than good fortune, must beware of petty people's gossip, should do good deeds on the same day.

The false illusions of mirages and sea markets show the omen of drawing water with a flower basket - all in vain. More misfortune than good fortune, this is a very inauspicious omen. Should focus on doing good and being practical, don't be lured by false appearances.

Fortune Forecast:

Success: Illness dangerous, wealth also empty, silkworms and livestock also bring no profit, all plans and hopes bring no completion.

Personal: Marriage incompatible, fame not achieved, travel not arrived, pregnancy brings misfortune, household not prosperous.

Annual Fortune: Many dangers, and false floating environments.

Career: Better to defend, not act rashly, especially don't partner with others in business.

Wealth: Pattern of wealth dispersing but people peaceful, while spending, do more good deeds.

Personal Well-being: Sometimes good sometimes bad, must have one's own principles in life.

Family: Household must beware of petty people and accidents.

Romance: Between husband and wife, lovers, clouds of suspicion abound, must be honest with each other.

Relocation: Coming and going, wasting time and money, ending up with nothing gained.

Reputation: Work silently, do good silently, don't chase empty fame.

Health: Ups and downs, must beware of serious illness within the year, see doctors even for minor illnesses.

Friendship: Noble patrons can't help, petty people often harm, be careful.

Feng Shui: The omen suggests false situations cannot prosper.

Lost Items: The omen suggests even forcing won't bring recovery.

Personal Fortune: Accumulating goodness avoids disaster.

Weather: Everything unsatisfactory.

Travel: Endings must be unfavorable.",
13,Divine Omen No. 13,"Divine Omen No. 13: Meng Haoran Seeks Plum Blossoms
Omen Fortune: Neutral Omen

Divine Omen Poem:
A plum branch first blooms in Lingnan,
Crystal-clear petals fall into wine cups.
But meets a donkey rider who arrived early,
Carrying good fortune, claiming spring's crown.

Historical Context:
Meng Haoran was a famous Tang Dynasty poet. In his early years, he lived in seclusion on Mount Lumen, traveled throughout the southeast, lived a reclusive life, and was friendly with monks and Taoists from many famous mountains, often visiting them, long having intentions of cultivating the Tao.

In his poem ""Feasting at the Plum Taoist's Mountain House,"" there's the line ""Suddenly meeting the green bird knight, invited into Chisong's home,"" reflecting Meng Haoran's reverence for Chisongzi.

Divine Fortune Interpretation:
This divine omen shows Meng Haoran's encounter while seeking plum blossoms in Lingnan. Putting plum petals into wine to drink is an extremely elegant pleasure in life. On the road, he meets a donkey rider who arrived one step ahead, and under his guidance, achieves his wish.

Meeting noble patrons who guide you brings everything according to your wishes. This omen is half auspicious half inauspicious. Though this omen brings no major issues, it seems to show signs of others taking the lead, which can turn good fortune into misfortune. Those interpreting the omen must think carefully.

Fortune Forecast:

Success: Household average, wealth difficult to obtain, silkworms and crops bring no worries, illness not yet cured, travel brings mail.

Personal: Raising livestock, be careful from the start, fame difficult to achieve, marriage unfavorable, pregnancy brings sons, most joyful.

Annual Fortune: Plum blossoms brave snow and frost, winter and early spring bring better fortune.

Career: Without noble patrons, difficult to achieve success. But when working with others, beware of them taking the lead.

Wealth: Seeking wealth is difficult, and must share with others. Also be careful of financial losses.

Personal Well-being: Household peaceful, everything normal, no major ups and downs.

Romance: Avoid third party intervention, marriage better in winter.

Relocation: The omen suggests meeting many noble patrons when going out, suitable for both north and south.

Reputation: Know your own joys and sorrows, don't hope for fame.

Health: Very likely to have minor or chronic illnesses, especially in trachea and skin.

Friendship: Friend fortune is strange - some can help you greatly, some want to harm you.

Feng Shui: The omen suggests average with no harm.

Lost Items: Can be found when sought.

Personal Fortune: Accumulating goodness improves spirit.

Weather: Both cold and heat bring satisfaction.

Travel: Good people bring much support.",
14,Divine Omen No. 14,"Divine Omen No. 14: Su Dongpo Drunk
Omen Fortune: Moderately Auspicious Omen

Divine Omen Poem:
For love of seclusion, planted many bamboos,
Buying spring, appreciating rain in a thatched hut.
Drunk, lying down beside apricot blossoms,
Afraid of hearing orioles startle deep dreams.

Historical Context:
Su Dongpo was a Song Dynasty writer, poet, and painter who achieved excellence in poetry, calligraphy, and painting, and was included among the Eight Great Masters of Tang and Song. However, his official career was bumpy, he was exiled multiple times, and also came to places like Huizhou in Guangdong Province. In his later years, he returned north and lived in seclusion, finding solace in mountains and waters, poetry, calligraphy, and painting.

Divine Fortune Interpretation:
The omen describes Dongpo's elegant life in seclusion: for seclusion, he planted green bamboos all around his residence, entrusted all his time to spring, either hiding in a thatched hut to appreciate rain, or sleeping drunk beside apricot blossoms, peacefully entering dreamland, most afraid of being awakened by orioles' songs. This shows signs of ease and comfort.

Fortune Forecast:

Success: Fame and profit, don't be greedy, travel obstructed and delayed, illness gradually improves, pregnancy will bring daughters.

Personal: Silkworms and livestock bring slight profit, marriage brings little satisfaction, household average, cultivate virtue and beauty.

Annual Fortune: Not perfect, but also joyful without worries.

Career: Work is pleasant, career has no major development.

Wealth: Food and clothing abundant, suitable for property and settling down.

Personal Well-being: Peaceful and happy, but must avoid talking too much.

Family: Happy events at home, such as having daughters, brings better prospects.

Romance: Between husband and wife or lovers, often have playful small arguments.

Relocation: The omen suggests good travel fortune, beware of financial losses when going out.

Reputation: Don't compete to show yourself, let others slowly discover your good qualities.

Health: Body will be better than last year, eat more, sleep more.

Friendship: Wide circle of friends, many social engagements, beware of gossip and disputes.

Feng Shui: Beauty with slight flaws.

Lost Items: The omen suggests petty people are hard to predict.

Personal Fortune: Peace and joy, beware of gossip.

Weather: Worldly matters are never perfect.

Travel: Beware of petty people's gossip.",
15,Divine Omen No. 15,"Divine Omen No. 15: Emperor Ming Tours the Moon Palace
Omen Fortune: Very Auspicious Omen

Divine Omen Poem:
A fairy boat leaf floats in midstream,
Moon palace and toad palace, roam as you please.
Ears filled with rainbow skirt music temporarily pause,
Wine and poetry, singing and drinking, when will it end?

Historical Context:
Emperor Ming of Tang, also known as Emperor Xuanzong Li Longji, when first ascending the throne, rectified corrupt government, and the national economy developed, historically called the ""Kaiyuan Prosperity."" Unfortunately, later he indulged in comfort and pleasure with Consort Yang, allowing favored ministers to be corrupt and fraudulent, leading to the ""An Lushan Rebellion.""

Divine Fortune Interpretation:
This divine omen only shows signs of prosperity and pleasure. Emperor Ming of Tang obtained a fairy boat leaf, soaring straight up to the nine heavens, roaming the moon palace, fairy music floating everywhere. Legend says the ""Rainbow Skirt and Feather Garment Dance"" was thus created. Poetry, wine, singing, and dancing, endless and ceaseless.

Obtaining this divine omen, though showing signs of great auspiciousness and everything going according to wishes, must be vigilant not to become too addicted to wine, women, and pleasure.

Fortune Forecast:

Success: Illness cured, silkworms victorious, travelers return, marriage should be settled, pregnancy brings sons, family prosperous.

Personal: All plans bring much celebration, fame and profit obtained when sought, raising livestock brings good prospects.

Annual Fortune: Make good use of this year's time, don't waste the years.

Career: Due to favorable timing, plans go quite smoothly.

Wealth: Money brings extremely considerable income, windfalls also not bad.

Personal Well-being: Happy without worries, but after autumn must exercise more self-discipline.

Family: Harmonious and happy, many things worth celebrating.

Romance: Husband and wife's feelings reach a higher level. Lovers can choose autumn for marriage.

Relocation: Excellent opportunities for immigration, everything as if aided by divine intervention.

Reputation: Fame and merit will be achieved. But must avoid romantic scandals.

Health: Strong and healthy, exercise more, lay good foundation for future health.

Friendship: Many noble patrons, including those of the opposite sex, should make more good friends in career.

Feng Shui: The omen suggests prosperity in both wealth and family.

Lost Items: Soon recovered naturally.

Personal Fortune: Peaceful and strong.

Weather: Everything brings profit.

Travel: All journeys bring satisfaction.",
16,Divine Omen No. 16,"Divine Omen No. 16: Imperial Uncle Meets Water Mirror
Omen Fortune: Moderately Auspicious Omen

Divine Omen Poem:
Crows return at sunset from the sky's edge,
Children from beyond the ridge ride calves home.
Qiang flutes frequently play, piercing the ears,
Long and short melodies, what joy is this?

Historical Context:
Imperial Uncle Liu, also known as Liu Bei, accidentally met Master Water Mirror. At that time, the sun was setting in the west, and crows in the sky were returning to their nests. Beyond the mountain ridge came the sound of flutes. It turned out to be shepherd boys riding calves, leisurely returning home.

The shepherd's flute melodies, sometimes long sometimes short, sometimes high sometimes low, were very free, very harmonious, full of joy.

Divine Fortune Interpretation:
At sunset on the mountain ridge, crows and magpies in the sky return to their nests, and shepherd boys outside the suburbs also ride cattle home. Along the way, the sound of bamboo flutes fills the ears. This boy is very happy.

Those who obtain this divine omen have both the meaning of joy without seeking and the sign of great vessels maturing late. Do everything to the best of your ability, gains and losses without guilt in your heart, then everything will be stable without obstacles, no need to worry. This is the so-called ""do your best, follow heaven's will, tomorrow will be better.""

Fortune Forecast:

Success: Fame and profit come late, marriage compatible, pregnancy without alarm, travelers have return journey.

Personal: If raising silkworms, late harvest victorious, illness brings peace and security, all plans and hopes meet with satisfaction.

Annual Fortune: No wind no danger, but has highs and lows, fortune flows in waves toward improvement.

Career: Not extremely difficult, no major achievements, continuous effort, year-end brings harvest.

Wealth: Wealth fortune average, should be frugal and save.

Personal Well-being: Best to do some practical work for the future.

Family: Must respect and love the elderly, this will increase blessings.

Romance: Don't be picky and nagging with your spouse. Unmarried people shouldn't marry too early.

Relocation: Immigration fortune average, also not suitable to move within the year. If necessary, only choose year-end.

Reputation: Strictly avoid youthful arrogance, fame mostly comes after age forty.

Health: Absolutely no major problems in this aspect.

Friendship: The omen suggests not to curry favor with power, better to seek kindred spirits among peers.

Feng Shui: Stable with no concerns.

Lost Items: Can be found with careful search.

Personal Fortune: Peaceful without illness.

Weather: Clear and pleasant as people wish.

Travel: Return brings joy.",
17,Divine Omen No. 17,"Divine Omen No. 17: Chasing the Worthy Under the Moon
Omen Fortune: Moderately Auspicious Omen

Divine Omen Poem:
Autumn waters, reeds and rushes, white dew abundant,
Abundant courtyard moonlight soaks the steps clear.
Clear breeze moves horse bells to ring,
Ringing connects with morning bells, continuous sound.

Historical Context:
Xiao He chasing the worthy under the moon is a true story from the Han Dynasty about retaining talent. Xiao He assisted Liu Bang in establishing the imperial enterprise. The famous general Han Xin joined Liu Bang but was not given important positions, so he left secretly at night. When Xiao He learned of this, he immediately mounted his horse and chased Han Xin under the moonlight, explaining the great principles and persuading him to change his mind and join in building the Han Dynasty.

Divine Fortune Interpretation:
The first two lines ""Autumn waters, reeds and rushes, white dew abundant"" describe autumn scenery. Reeds and rushes are bulrushes and reeds, covered with frost and dew, moonlight filling the steps.

Following is the sound of horse bells in the clear breeze, then the morning bells at dawn, indicating the successful pursuit of Han Xin. This divine omen has the meaning of lost then regained, and people fulfilling their talents.

Fortune Forecast:

Success: Fame attainable, wealth not great, marriage also suitable, illness harmless, silkworms and livestock also without obstacles.

Personal: Household average, travel unobstructed, pregnancy requires divine help, all plans and hopes, caution brings success.

Annual Fortune: Beginning of year average, after autumn will meet noble patrons who appreciate you.

Career: Opportunities to display your talents, can consider changing jobs.

Wealth: Legitimate wealth not great, but windfalls not bad, can use more brainpower in part-time work.

Personal Well-being: Peaceful without major issues, however, don't reveal all your sharp edges.

Family: Household also without problems, don't be overly calculating.

Romance: May have storms in teacups, eating dry vinegar (jealousy).

Relocation: Opportunities for moving and immigrating abroad.

Reputation: No need to pursue empty fame, do more practical work.

Health: Though no major issues, must learn to cultivate qi and health.

Friendship: The omen suggests can meet good kindred spirits.

Feng Shui: Average with no concerns.

Lost Items: Can be found when sought.

Personal Fortune: Cultivating goodness brings peace.

Weather: Average brings joy.

Travel: No gain no loss.",
18,Divine Omen No. 18,"Divine Omen No. 18: Cuckoo Cries Blood, Moving the Traveler's Heart
Omen Fortune: Very Inauspicious Omen

Divine Omen Poem:
Cuckoo cries blood tears with sorrowful sound,
Sound grieves frost-cold, dreams suddenly startled.
Startling strangers in foreign lands as foreign guests,
Guest hearts further touched by homeland feelings.

Historical Context:
The cuckoo, legend says, was transformed from Shu Emperor Du Yu. In the ""Records of Thirteen Provinces"" there is such a record: When seven states called themselves kings, only Du Yu called himself emperor in Shu, known as Emperor Wang. Later, Emperor Wang appointed a minister named Bie Leng to control water at Mount Wu, which succeeded. Emperor Wang felt his talent and virtue were inferior to Bie Leng, so he entrusted the state to Bie Leng and then left, transforming into a cuckoo.

Divine Fortune Interpretation:
The cuckoo is the same as the cuckoo bird. The cuckoo misses his homeland and country, crying and weeping with each sound, tears turning into azalea flowers. Foreign guests, awakened by cuckoo cries in the cold night, are further triggered by homesickness.

Though this divine omen is very inauspicious, with careful caution, misfortune can turn to good fortune.

Fortune Forecast:

Success: Silkworms and livestock have losses, pregnancy brings alarm, marriage unfavorable, wealth difficult to obtain, household brings disaster.

Personal: Travelers far away, not yet returned home, illness requires prayers and exorcism, all plans and hopes bring no good.

Annual Fortune: Within the year, fortune may have major fluctuations, especially in spring and autumn.

Career: No major improvement, being an employee is slightly better than being a boss.

Wealth: Seeking wealth is difficult, absolutely no windfalls, don't touch gambling.

Personal Well-being: Do more, talk less, beware of disaster coming from the mouth.

Family: Family shows signs of separation, be careful of elderly sick people.

Romance: Frequent arguments, the more you argue the worse your fortune. Try to endure.

Relocation: Even if immigration and moving are possible, the new environment is not very good.

Reputation: Prone to legal trouble, strictly avoid conflicts, otherwise reputation and position will be ruined.

Health: More illness and pain, especially pay attention to heart, lungs, and eyes.

Friendship: In adversity, recognize true friends.

Feng Shui: The omen suggests fear of damage to family and wealth.

Lost Items: Even searching brings difficulty in recovery.

Personal Fortune: When fortune is stagnant, must be vigilant.

Weather: Wind conditions mostly unfavorable.

Travel: All journeys bring worry.",
19,Divine Omen No. 19,"Divine Omen No. 19: Fu Xi Draws the Eight Trigrams
Omen Fortune: Moderately Auspicious Omen

Divine Omen Poem:
Qian trigram three lines, named the Great Sun,
Hidden dragon, do not use, first chapter.
Among them, the yao images can be understood,
Hundred blessings arrive together, great auspiciousness.

Historical Context:
Fu Xi, also known as Tai Hao, created the images of the Eight Trigrams and taught people to fish and raise livestock, improving their lives. The first chapter of the Eight Trigrams is the Qian trigram, three connected lines, belonging to the Great Sun, pure yang without yin, only the wise do not take.

Divine Fortune Interpretation:
Those who obtain this divine omen, if they can understand the principles of the yao images within, everything will be smooth and prosperous. The principle that pure yang is easily harmed constantly occurs around us. For example, in life, fear of losing out, being extreme, who dares to cooperate with you?

Everything must be seen through from all aspects, cannot be stubborn like a dead cow with a stiff neck. Those who rely only on brute force, evil, and domineering will ultimately fail.

Fortune Forecast:

Success: Pregnancy brings daughters, illness requires prayers, fame and profit arrive late, silkworms and marriage require caution.

Personal: Travelers delayed, return has a path, all plans and hopes, don't be rash, household average, accumulate goodness to compensate.

Annual Fortune: All four seasons have small fortunes, must follow the trend and know when to advance and retreat.

Career: Not very smooth at the beginning, requires endurance.

Wealth: Seeking wealth also follows the pattern of bitterness first then sweetness.

Personal Well-being: Stable, but must not act on impulse.

Family: Home should create a good atmosphere for communication.

Romance: For spouse or lover, must examine every word and action, don't accumulate resentment.

Relocation: Can choose near the sea or in mountain shade to harmonize yang energy.

Reputation: Avoid exaggeration and arrogance, must not speak words that hurt others.

Health: Eat more fresh vegetables and fruits, drink less alcohol, eat less fried food.

Friendship: When you can remain calm and have a peaceful mind, noble patrons will approach.

Feng Shui: Bad aspects should be changed.

Lost Items: The omen suggests don't be impatient when seeking.

Personal Fortune: Peace brings no illness.

Weather: Wind and rain come at appropriate times.

Travel: Don't let anger be too fierce.",
20,Divine Omen No. 20,"Divine Omen No. 20: Xuemei Seeks Marriage
Omen Fortune: Neutral Omen

Divine Omen Poem:
Heavenly immortal flowers, difficult to ask their origin,
Human worldly affairs, how many changes?
Future already recorded in public and private records,
Punishment and reward clearly distinguish turbid and pure.

Historical Context:
Xuemei was an ancient princess of Annam. She sought marriage through couplet matching. Her first line was ""Three feet of snow before the Taiji Hall,"" but no one in her country could match it. There was a man from Guangdong named Huang Huagui who, with fortune reaching his heart and mind, matched it with ""One branch of plum in the Guanghan Palace,"" and was chosen as consort.

Divine Fortune Interpretation:
The omen means: This immortal flower from the Guanghan Palace in heaven, don't ask who planted it, falling to the mortal world, human affairs have already changed. Everyone's destiny is already destined by heaven, good and evil will ultimately be rewarded.

Fortune Forecast:

Success: Fame and profit, attached to destiny, illness requires careful medical attention, marriage not yet settled, household peaceful, must cultivate and reflect.

Personal: Pregnancy and silkworms, doing good brings fortune, travel wants to return, difficult to determine date, all plans and hopes, cultivating goodness brings success.

Obtaining this divine omen, should do more good deeds and accumulate blessings, follow heaven's timing.

Annual Fortune: Year-end better than beginning, because in the couplet matching, the last two characters are snow and plum.

Career: Treasures sink to the bottom, endure hardship first, enjoy fortune later.

Wealth: What's in your destiny will eventually come, what's not in your destiny, don't force.

Personal Well-being: The omen suggests personal fortune and misfortune are the reward of one's own words and actions.

Family: Husband and wife should respect each other like guests, harmony brings wealth.

Romance: The omen suggests good relationships are heaven-given, respect each other, life will be more pleasant.

Relocation: Shows signs of moving south, can consider developing toward the southeast.

Reputation: Destiny includes fame and merit, but will increase or decrease according to one's heart and methods.

Health: Will have minor illnesses during the year, must carefully seek medical attention, don't self-medicate.

Friendship: Will make unexpected friends, especially friends of the opposite sex.

Feng Shui: All depends on the heart's development.

Lost Items: Will eventually be found when sought.

Personal Fortune: The omen suggests fortune and misfortune are self-sought.

Weather: Changes according to my wishes.

Travel: Can go if cultivating goodness.",
21,Divine Omen No. 21,"Divine Omen No. 21: Empress Wu Zetian Appreciates Flowers
Omen Fortune: Moderately Auspicious Omen

Divine Omen Poem:
Red clouds beyond the sky like embroidered brocade,
Peach and apricot blossoms compete in new attire by the railing.
Eyes filled with misty beauty, who takes first place?
Fine wine frequently poured and measured.

Historical Context:
Wu Zetian, the female emperor of the Tang Dynasty, was a legendary woman in history. During her reign, she wanted to appreciate all flowers when winter was ending and spring had not yet arrived. She ordered the Flower Fairies to compete in beauty within a time limit, and personally beat drums to urge the flowers to bloom.

Divine Fortune Interpretation:
This divine omen describes the flower appreciation scene at that time. Red clouds at the sky's edge like woven brocade, peach and apricot blossoms outside the gate competing in beauty, while evaluating which flowers are most beautiful, drinking fine wine - truly a pleasure in life.

Obtaining this divine omen brings hope for wealth, nobility, and peace. Everything brings good fortune without misfortune, and there will definitely be unexpected wealth gains. If asking about personal matters, can prosper in both family and wealth, showing signs of everything being stable.

Fortune Forecast:

Success: Fame and profit, don't seek anxiously, travel gradually arrives, illness gradually improves, marriage engagement brings peace, pregnancy without worries.

Personal: Silkworms and livestock require careful attention, all plans and hopes, anxiety brings failure, household will prosper, cultivating goodness is precious.

Annual Fortune: After the beginning of spring, there will be good prospects. Other days, more good than bad.

Career: Unexpected harvests, should seize opportunities.

Wealth: Seeking wealth easier in spring and winter, windfalls also not bad.

Personal Well-being: The omen suggests cultivating joy and nature, avoid pride and impatience.

Family: Family fortune beginning to improve, gradually entering good times.

Romance: Suitable to become engaged in spring, marry in early winter.

Relocation: Immigration opportunities increase, staying in current environment also brings new achievements.

Reputation: Must not force empty fame, haste brings no success.

Health: Pay attention to rest, do everything according to your ability.

Friendship: Wide circle of friends, many social engagements, many noble patrons.

Feng Shui: The omen suggests small prosperity in family and wealth.

Lost Items: Soon recovered.

Personal Fortune: Body also peaceful.

Weather: Clear days more than rain.

Travel: Careful attention also brings benefits.",
22,Divine Omen No. 22,"Divine Omen No. 22: Chen Miaochang Longs for Spring
Omen Fortune: Very Inauspicious Omen

Divine Omen Poem:
Autumn waters and beautiful people in different places,
South of heaven, north of earth, hatred grows long.
Lovesickness, try asking who to rely on for messages,
Endless desolation, vainly breaking hearts.

Historical Context:
Chen Miaochang, also known as Chen Gu, after shaving her head to become a nun, her worldly heart had not ceased, often missing her former lover. This is a very inauspicious omen.

Divine Fortune Interpretation:
Obtaining this divine omen, firstly the situation is desolate, secondly due to lack of determination, worrying about gains and losses, indecisive, inevitably achieving nothing.

Autumn waters and beautiful people, south of heaven and north of earth, each in different places, this hatred endless, full of lovesickness, who to rely on for messages, endless desolation, vainly breaking hearts. Every word is heartbreaking. Should do more good deeds and accumulate blessings, with noble patrons' support, can escape difficulties.

Fortune Forecast:

Success: Pregnancy inauspicious, illness requires choosing doctors carefully, household stagnant, travelers delayed, silkworms and livestock require much effort.

Personal: No fame or profit, marriage unsuitable, all plans and hopes must wait for the right time, all matters require prayers.

Annual Fortune: Not very satisfactory, many obstacles.

Career: If not focused and dedicated to one thing, will achieve nothing.

Wealth: The omen suggests beware of financial losses.

Personal Well-being: Laboring both heart and body, busy all day, all because no great ambition established.

Family: If husband and wife don't trust each other, home has no peace.

Romance: Lovers show signs of separation, not suitable for marriage.

Relocation: Action not as good as stillness, where the heart is at peace is my homeland.

Reputation: Must avoid extramarital affairs, don't fall for married couples.

Health: Body has many illnesses, all because can't see through worldly matters.

Friendship: Petty people create obstacles, when there are matters should discuss more with friends.

Feng Shui: Stagnant fortune cannot prosper.

Lost Items: Obstacles prevent finding.

Personal Fortune: Laboring heart brings no peace.

Weather: Mostly unsatisfactory.

Travel: Going brings no benefits.",
23,Divine Omen No. 23,"Divine Omen No. 23: Lu Sheng's Dream
Omen Fortune: Neutral Omen

Divine Omen Poem:
Handan dream, illusions boundless,
Several years of glory in deep sleep.
Changed brocade clothes, returned to homeland,
Waking up, still remembered in heart.

Historical Context:
The Handan dream is the Yellow Millet Dream. The story occurred in the Tang Dynasty. There was a man named Lu Sheng who stayed at a Handan inn and met a Taoist named L? who gave him a pillow. Sleeping on it, he had a dream enjoying several decades of prosperity. When he woke up, he was extremely hungry, and the yellow millet in the innkeeper's pot was not yet cooked.

Divine Fortune Interpretation:
This divine omen reminds people not to believe illusions, to be down-to-earth. To want to return home in glory without having daydreams, one must be practical.

At the same time, it also suggests not to be deceived, beware of others' sweet talk and sugar-coated bullets.

Fortune Forecast:

Success: Fame and profit like false flowers, marriage unsuccessful, pregnancy also false, household average, travelers delayed.

Personal: Silkworms bring small profit, illness not yet cured, all plans and hopes bring misfortune, vain sighs, quickly cultivate goodness for real glory.

Annual Fortune: Many opportunities within the year, should grasp them well.

Career: Major ups and downs, tug-of-war situation. Be practical, persevering, brings good results.

Wealth: Difficult to have savings, try to save unnecessary expenses.

Personal Well-being: Don't let small successes go to your head.

Family: Extramarital temptations will make your fortune worse.

Romance: Love is like fog and flowers, good one moment, suddenly scattered the next.

Relocation: Plans made with great effort suddenly meet major obstacles.

Reputation: Control vanity, learn to praise others, will make oneself humble.

Health: Men prone to neurasthenia, women prone to hidden illnesses.

Friendship: Friends speak well but don't provide much substantial help.

Feng Shui: The omen suggests empty without substance.

Lost Items: Searching wastes effort.

Personal Fortune: Hidden illnesses may exist.

Weather: Seems good but actually not.

Travel: What's gained may be lost again.",
24,Divine Omen No. 24,"Divine Omen No. 24: Bai Juyi Returns to Seclusion
Omen Fortune: Very Inauspicious Omen

Divine Omen Poem:
Poetry, wine, qin, and chess can dispel sorrow,
No guests at the table, joy difficult to cease.
Playing or singing, who knows the beauty?
Cold drinks though many, still bring worry.

Historical Context:
Bai Juyi was a great Tang Dynasty poet. His talent was extraordinary, but his official career was not smooth. The scene in this omen also appears in Bai Juyi's famous work ""Song of the Pipa"": ""What do I hear at dusk? Cuckoos crying blood and apes wailing mournfully.""

Divine Fortune Interpretation:
Spring river, flower morning, autumn moon night, often taking wine to drink alone. Poetry, wine, qin, and chess can certainly dispel sorrow, but without companions, how can one enjoy? Playing and singing alone, who appreciates? Drinking alone, both cold and sorrowful.

This is a very inauspicious omen, should cultivate oneself more. Though in favorable circumstances, cannot avoid sorrow, urgently should make good connections, ensure goodness shared with others. Then will have many requests without sorrow. This omen has more misfortune than good fortune, should do good deeds at community altars.

Fortune Forecast:

Success: Wealth and nobility, avoid greed and scheming, pregnancy inauspicious, marriage don't seek, travelers stagnant, illness not yet cured.

Personal: All plans and hopes may bring sorrow, silkworms and livestock also bring worry, household requires cultivating virtue.

Annual Fortune: Career fortune has many obstacles, especially in autumn.

Career: Many petty people, and one's own plans should also review if too conservative.

Wealth: Don't be stingy with money, enjoy properly, best to share with others.

Personal Well-being: Originally personal fortune already slightly poor, plus low spirits, makes it worse.

Family: Try showing smiles to family members, family fortune will improve.

Romance: Before changing negative attitudes in handling matters and relationships, pursuing the opposite sex mostly cannot succeed.

Relocation: Opportunities for moving and immigration, but new environment may not be satisfactory.

Reputation: Interpersonal relationships not good, best to try changing image.

Health: Often have minor illnesses, autumn beware of serious illness.

Friendship: Must break out of self-isolation, expand social circles.

Feng Shui: Sand and water don't embrace.

Lost Items: Searching brings no human help.

Personal Fortune: Cultivating goodness avoids sorrow.

Weather: No rain also brings worry.

Travel: Going brings disaster and sorrow.",
25,Divine Omen No. 25,"Divine Omen No. 25: Zhu Hongwu Ascends the Throne
Omen Fortune: Very Auspicious Omen

Divine Omen Poem:
Mountains crowd toward the central peak,
Like ministers lining up in court.
Standing respectfully in two neat rows,
Living in this position, how can one not be joyful?

Historical Context:
Zhu Hongwu, Emperor Taizu of Ming Zhu Yuanzhang, in his youth became a monk at Huangjue Temple. In childhood, his family was poor, he herded cattle to supplement family income. Once with a group of shepherd boys, he climbed Mount Song and said: ""If one day I become emperor, my ministers will be like mountains, standing respectfully and paying homage to me.""

Later, Zhu Yuanzhang established the Ming Dynasty and indeed honored the Five Sacred Mountains as deities. The Five Sacred Mountains: Eastern Mount Tai, Southern Mount Heng, Western Mount Hua, Northern Mount Heng, and Central Mount Song.

Divine Fortune Interpretation:
This divine omen shows signs of high position and satisfaction. Mountains crowd toward the central peak to pay homage, like ministers lining up in court, neat and solemn. Living in this position, how can one not be happy? Those who obtain this divine omen will definitely have everything go according to their wishes and rise step by step.

Fortune Forecast:

Success: Fame and profit, obtained when sought, illness meets doctors, medicine effective, travelers return, family prosperous.

Personal: Pregnancy brings sons, marriage can be settled, livestock and silkworms, every harvest victorious, all plans and hopes bring celebration.

Annual Fortune: Very auspicious, long-held wishes very likely to be realized recently.

Career: Reaching higher levels, business will have new developments, workers will be promoted.

Wealth: Wealth fortune very good, and has multiple wealth paths.

Personal Well-being: Everything satisfactory, many noble patrons.

Family: Family brings much joy, beware of extramarital affairs. This year has opportunities for adding new members.

Romance: This year most suitable for marriage.

Relocation: East, south, west, north, all four directions have good paths.

Reputation: Being able to help others will bring greater good results.

Health: Even with minor illnesses, can be cured immediately.

Friendship: Can hope to make new friends at another level.

Feng Shui: The omen suggests this place will definitely bring nobility.

Lost Items: Can be found when sought.

Personal Fortune: Accumulating goodness brings great auspiciousness.

Weather: Wind and rain come at appropriate times.

Travel: Noble patrons everywhere.",
26,Divine Omen No. 26,"Divine Omen No. 26: Xu Shu Returns Home
Omen Fortune: Neutral Omen

Divine Omen Poem:
Flower colors slowly invade the steps,
Far knowing the moon mirror hangs in the long sky.
Suddenly hearing crane cries, mournful and sharp,
Early buying return boat to homeland.

Historical Context:
Xu Shu was an outstanding politician and military strategist of the Three Kingdoms period, and a good friend of Kongming (Zhuge Liang). Originally, Xu Shu intended to assist Liu Bei in establishing the imperial enterprise, but Cao Cao used Xu Shu's mother as a hostage, causing Xu Shu to change his original intention and return to his hometown, falling into Cao Cao's hands.

Divine Fortune Interpretation:
When Xu Shu left Liu Bei, he recommended Zhuge Liang on horseback, highly praising Kongming. After Xu Shu returned home, his mother scolded him for falling into Cao Cao's trap. Filial piety and loyalty difficult to maintain, Xu Shu served as an official under Cao Cao, always being physically in Cao's camp but heart with Han.

This divine omen describes Xu Shu's feelings of missing his mother and eagerness to return home after being given leave by Cao Cao. This omen has good fortune with misfortune, but misfortune can also turn to good fortune. Knowing how to advance and retreat brings no obstacles, should beware of petty people's gossip and disputes.

Fortune Forecast:

Success: When seeing misfortune, immediately stop, all plans and hopes, watch the timing, cultivate merit early, delay brings decay.

Personal: Those with illness, accumulate merit early, household matters also the same, about to return, pregnancy brings alarm.

Annual Fortune: First half of year not bad, but second half gradually declines.

Career: Work and business both passable, but often have unpleasant incidents.

Wealth: Legitimate wealth fortune exists, but not very great. Investment and gambling require caution.

Personal Well-being: Examine every word and action, make first half fortune better, second half fortune not too bad.

Family: Elderly at home may become ill. Also not suitable to have children this year.

Romance: The omen suggests best to postpone wedding to next year.

Relocation: Opportunities for relocation, those interested should seize them.

Reputation: Those who don't like empty fame, fame comes to them. Those who deliberately pursue it, cannot obtain it.

Health: Four limbs and five organs no major issues, but prone to mental tension.

Friendship: Fortune to help friends succeed, why not cherish this opportunity?

Feng Shui: The omen suggests when seeing misfortune must avoid.

Lost Items: Difficult to obtain, don't force.

Personal Fortune: Cultivating goodness can bring peace.

Weather: Good cannot last to the end.

Travel: Must know the right timing in the end.",
27,Divine Omen No. 27,"Divine Omen No. 27: King of Yue Restores His Kingdom
Omen Fortune: Neutral Omen

Divine Omen Poem:
Clear sky, powder butterflies turn clothes to dry,
Also seeing ant formations in front of the courtyard.
Teams neat, advancing or retreating,
Sometimes opening, sometimes closing, what good thoughts?

This omen uses butterflies and ants knowing timing to metaphorically describe King Goujian of Yue's painstaking efforts and timing awareness in restoring his kingdom. Everything must follow timing and trends, follow nature, then success is easier. When the sky is clear, powder butterflies will dry clothes wet with rain and dew.

When the weather is hot, before storms arrive, ants will line up in formation, advancing or retreating neatly, formations sometimes opening, sometimes closing.

Divine Fortune Interpretation:
People and things are the same, each getting their meaning, that is happiness. Those who obtain this divine omen should carefully consider the philosophy within, can gain great enlightenment.

Fortune Forecast:

Success: Wealth slightly exists, household average, marriage compatible, pregnancy harmless, silkworms and livestock also without harm.

Personal: Illness curable, travel return delayed, all plans and hopes, must observe timing, advance and retreat, must know the right moment.

Annual Fortune: Relatively stable, but entering winter must beware of petty people.

Career: Know when to advance and retreat, shouldn't do too much.

Wealth: Every penny earned through hard work, don't be greedy for windfalls.

Personal Well-being: Peace of mind, peaceful.

Family: Family fortune rises toward better under harmonious and peaceful atmosphere.

Romance: May have multiple choices, better choose practical and diligent ones.

Relocation: Migration fortune very strong, can proceed carefully.

Reputation: Gain others' respect through gradual progress.

Health: No major issues, pay attention to soup and water nourishment in all seasons, even better.

Friendship: Very easy to find like-minded people.

Feng Shui: The omen suggests stable with no concerns.

Lost Items: May be found.

Personal Fortune: Coming and going also peaceful.

Weather: Wind and rain meet people's wishes.

Travel: Going also brings no harm.",
28,Divine Omen No. 28,"Divine Omen No. 28: Bai Juyi Listens to the Pipa
Omen Fortune: Neutral Omen

Divine Omen Poem:
Boat moored at Xunyang on moonlit night,
A pipa melody moves people to pity.
Lovesickness in two places, who to rely on for messages?
White snow urges people to gray temples.

Historical Context:
Bai Juyi was seeing off guests at night at the head of Xunyang River, and on the boat heard beautiful pipa music. Following the sound to visit, he met a disappointed woman. ""Both are people fallen in distant lands, meeting why must we have known each other before?"" Bai Juyi, moved by his own fallen state and the pipa woman's circumstances, wrote the famous long poem ""Song of the Pipa.""

Divine Fortune Interpretation:
This is another divine omen related to Tang Dynasty poet Bai Juyi, however, this is neutral, while the twenty-fourth omen is very inauspicious. The difference is, the twenty-fourth omen fails due to loneliness; this one is neutral because there is at least momentary joy.

Though this omen has happiness, it's extremely brief, should cultivate oneself and endure. Though no major issues, also no joy, everything also has more misfortune than good fortune.

Fortune Forecast:

Success: No fame and merit, seeking wealth difficult, travel not yet arrived, household difficult, marriage not beautiful women.

Personal: Pregnancy brings daughters, illness slow to cure, silkworms and livestock bring minimal profit, all plans and hopes bring nothing to gain.

Annual Fortune: Within the year though occasionally has small good environments, major fortune not yet opened.

Career: Better to defend than attack, has noble patrons but help not great.

Wealth: This year seeking wealth is more difficult, should try to be frugal.

Personal Well-being: Planning matters, don't talk too much, talking too much brings loss.

Family: Home often has small troubles, carefully resolve, don't let them expand.

Romance: Don't pursue the other's appearance, especially pay attention to their inner world.

Relocation: Going abroad or moving, environments both not ideal, best not to consider for now.

Reputation: The omen suggests no fame and merit to seek.

Health: Minor illnesses and pain will also cause long-term troubles.

Friendship: In adversity, true friendship is discovered.

Feng Shui: Lost fortune cannot prosper.

Lost Items: Even searching brings no recovery.

Personal Fortune: Cultivating goodness brings peace.

Weather: Worldly conditions bring no joy.

Travel: Endings may not be beautiful.",
29,Divine Omen No. 29,"Divine Omen No. 29: Zhang Han Longs for Perch
Omen Fortune: Moderately Auspicious Omen

Divine Omen Poem:
Perch fish made into sashimi, chrysanthemums yellow,
Fine wine fills cups near evening cool.
Boating just at high tide time,
Such beautiful scenery brings endless joy.

Historical Context:
Zhang Han was a native of Wu Commandery in the Jin Dynasty, a man of insight who was once summoned by the King of Qi to serve as Grand Marshal. At that time, the political situation was chaotic, and Zhang Han did not want to be involved in political whirlpools, so he used the excuse of autumn winds rising and missing his hometown's perch fish and chrysanthemums to resign and return to his homeland.

Divine Fortune Interpretation:
Though this divine omen is only moderately auspicious, those who are contented and obtain it will definitely have very pleasant days. Everything is stable without obstacles, bringing peace and joy.

Perch fish made into sashimi (sashimi means raw fish), accompanied by yellow chrysanthemums and fine wine, on an autumn evening with clear air, boating on a lake at high tide. Think about it, such beautiful scenery and delightful pleasures, what sorrows remain?

Fortune Forecast:

Success: Fame attainable, people prosper, marriage compatible, travelers return, pregnancy will bring male child.

Personal: Silkworms and livestock bring beautiful profits, household stable, illness brings no disaster, all plans and hopes, freely choose.

Annual Fortune: Though no great wealth or nobility, excels in peace, especially after autumn even better.

Career: Can advance to attack, retreat to defend, but seek peace of mind.

Wealth: When you're not too deliberate in pursuing it, it quietly comes.

Personal Well-being: Generally stable, even if there are matters, can be resolved after the beginning of autumn.

Family: Family brings harmony and joy, year-end brings joy of adding new members.

Romance: Love fortune very good, emotional progress has delightful breakthroughs.

Relocation: Using reunion as reason will make it easier to obtain immigration rights.

Reputation: Comes naturally, not afraid you don't want it, only afraid you can't refuse it.

Health: Maintain cheerful mood, pay attention to digestive system care.

Friendship: Within this year, many opportunities to joyfully gather with distant relatives and friends.

Feng Shui: The omen suggests both family and wealth are stable.

Lost Items: Will find original items when sought.

Personal Fortune: After autumn also peaceful.

Weather: After autumn even more delightful.

Travel: All journeys smooth.",
30,Divine Omen No. 30,"Divine Omen No. 30: Consort Yang Hangs Herself
Omen Fortune: Very Inauspicious Omen

Divine Omen Poem:
Beauty that topples kingdoms and cities, charming all living beings,
Six palace beauties all nameless.
Soul flies away at the foot of Mawei Mountain,
Until now Emperor Ming's eternal regret.

Historical Context:
Emperor Ming of Tang, because he spent all day enjoying luxury and pleasure with Consort Yang, neglected court affairs, provoking An Lushan's rebellion. The capital was in danger, and the six armies protected the emperor in retreat toward Sichuan. When they reached Mawei Slope, the generals and soldiers suddenly refused to continue, insisting that Emperor Ming first execute Consort Yang.

Under helpless circumstances, a generation's most beautiful woman hanged herself while the emperor covered his face, unable to bear watching.

Divine Fortune Interpretation:
This divine omen is very inauspicious. Those who obtain it can take it as a warning and still avoid misfortune. Because after Consort Yang's death, she met Emperor Ming in heaven. The first two lines of the omen describe Consort Yang's national beauty and heavenly grace, her romantic and proud times. The last two lines describe her eternal longing for Emperor Ming after death.

Fortune Forecast:

Success: Household suffers calamity, seeking wealth difficult, travel doesn't return, illness not yet peaceful, silkworms and livestock all don't arrive.

Personal: Marriage unsuccessful, pregnancy fears miscarriage, all plans and hopes bring misfortune, many obstacles, all matters require prayers.

Annual Fortune: Generally not very good, everything should stop when seeing good.

Career: Must be vigilant everywhere, beware of others and oneself, avoid pride and greed.

Wealth: Difficult to hope for any considerable income, should maintain stability.

Personal Well-being: Often have false good prospects, crisis lurks in happy times, must proceed step by step with caution.

Family: Husband and wife's feelings very good, but when getting along with other family members, must pay attention to behavior.

Romance: Love will face multiple tests, must resist third party temptations.

Relocation: Don't actively move, but must be careful.

Reputation: Beware of scandals damaging your reputation and position.

Health: The omen suggests beware of becoming addicted to wine and women.

Friendship: Easily envied by others, don't show off in front of friends.

Feng Shui: Both family and wealth may decline.

Lost Items: Searching brings no recovery.

Personal Fortune: Stagnant fortune brings real hardship.

Weather: Desolate and truly pitiful.

Travel: Inauspicious and truly difficult to describe.",
31,Divine Omen No. 31,"Divine Omen No. 31: Cai Zhongxing Encounters Danger
Omen Fortune: Very Inauspicious Omen

Divine Omen Poem:
Fierce winds and sudden rain beat the boat's awning,
Peach blossoms by the stream all fall red.
Startling the fisherman from deep spring dreams,
Holding the pole, pushing off, losing direction.

Historical Context:
Cai Zhongxing was a Northern Song Dynasty person who, while serving as an official in Quanzhou, Fujian, built the Luoyang Bridge, doing everything personally. The Luoyang Bridge project was grand, and given the construction technology of that time, it was truly a miracle. Legend says immortals helped.

Divine Fortune Interpretation:
This divine omen describes Cai Zhongxing encountering danger while inspecting the project by boat at night. Fierce winds and sudden rain beat the boat's awning, and peach blossoms by the river were all blown down.

Startling the fisherman on the boat, in the confusion, the water flow was rapid, unable to distinguish north, south, east, or west. This is a very inauspicious omen, fearing signs of danger.

Fortune Forecast:

Success: Wealth scattered, pregnancy brings alarm, household inauspicious, illness not yet peaceful, livestock and silkworms bring light profit.

Personal: Travelers far away, no return journey, marriage cannot succeed, all plans and hopes, don't act recklessly.

Annual Fortune: Has danger, should raise alertness, everything requires concentration.

Career: Often review current work, beware of being caught unprepared.

Wealth: Pattern of wealth dispersion, can actively do public service, accumulate more blessings.

Personal Well-being: Has troubles, prone to legal issues, don't argue with others.

Family: Home will have unsatisfactory matters, must rely more on parents and spouse.

Romance: Love comes to a crossroads, confused and directionless.

Relocation: The omen suggests going out requires caution, must be alert when using transportation.

Reputation: This year must be practical and diligent, avoid showing off.

Health: Usually must strengthen physical constitution, see doctors immediately when ill.

Friendship: Though many friends, when in trouble, can't help much.

Feng Shui: Affected by evil spirits brings damage.

Lost Items: No path to find.

Personal Fortune: Body not often peaceful.

Weather: The omen suggests when disaster comes, should dodge.

Travel: Going brings no benefits.",
32,Divine Omen No. 32,"Divine Omen No. 32: Su Wu Herds Sheep
Omen Fortune: Neutral Omen

Divine Omen Poem:
Nineteen years of hardship on the sea,
Ceremonial staff tattered, scattered in sand and dust.
Eating fur and chewing snow, who pities me?
Only sheep as companions in the flock.

Historical Context:
Su Wu was a loyal minister of the Han Dynasty. Emperor Wu sent him as an envoy to the Xiongnu, where he was detained by the barbarian king Chanyu, who used threats and inducements to make him betray his principles and surrender. Su Wu remained unyielding and was exiled to the North Sea to herd sheep. All the sheep he herded were rams, and the barbarian king ordered that unless he changed his mind or the rams could produce offspring, he would not be released.

Divine Fortune Interpretation:
Su Wu drank snow and ate grass seeds, enduring nineteen years in wind and snow before returning home. He was granted the title of Marquis of Guannei by Emperor Xuan. The omen describes Su Wu's hardship in herding sheep. Nineteen years like one day, daily holding the Han Dynasty's ceremonial staff while herding sheep, finally even the staff's banner was blown away by the wind before he could return home.

Obtaining this divine omen requires establishing a loyal and upright heart, enduring hardship, everything has divine help, misfortune turns to good fortune. With Su Wu's loyalty, he eventually returned to Han as an official. Regarding the omen, everything is extremely difficult, but ultimately goals can be achieved.

Fortune Forecast:

Success: Wealth difficult to obtain, fame not achieved, travel return delayed, household fortune stagnant, all plans and hopes, matters difficult to accomplish.

Personal: Livestock and silkworms require careful attention, pregnancy requires praying to gods, illness requires cultivating goodness to avoid pain.

Annual Fortune: Still struggling in hardship, must have firm will.

Career: Whether starting or maintaining business, don't be influenced by external factors.

Wealth: Seeking wealth very difficult, must persevere.

Personal Well-being: Endure everything, do more good deeds, do more public virtue.

Family: Family fortune has many obstacles, beware of petty people creating interference.

Romance: This is a year when love faces severe tests. Marriage matters wait until after this winter.

Relocation: Opportunities for moving, going south better than going north.

Reputation: Great vessels mature late, don't pursue quick success and immediate profit.

Health: The omen suggests often have minor illnesses, but no major harm.

Friendship: When feeling lonely, might as well actively seek old friends.

Feng Shui: Earth fortune should be stagnant.

Lost Items: Even searching brings difficulty in recovery.

Personal Fortune: Doing good deeds can avoid illness.

Weather: The omen suggests worry and labor may not cease.

Travel: Going brings no benefits.",
33,Divine Omen No. 33,"Divine Omen No. 33: Kongming Borrows the East Wind
Omen Fortune: Neutral Omen

Divine Omen Poem:
Though Cao Cao has deep schemes and plans,
Wisdom cannot deceive Marquis Zhuge.
See how even the east wind can be borrowed,
Even more, wooden horses can become oxen.

Historical Context:
During the Three Kingdoms period, Kongming (Zhuge Liang) was Liu Bei's military advisor and prime minister. In opposing the treacherous hero Cao Cao, he repeatedly used wisdom and strategy, defeating Cao Cao thoroughly.

Divine Fortune Interpretation:
The omen mentions only two representative works: one is Kongming borrowing the east wind to burn the Red Cliffs; the second is inventing wooden oxen and flowing horses as transportation tools to deliver grain and supplies. Cao Cao had sinister schemes and tricks, but could not overcome Zhuge Liang's wisdom.

Those who obtain this divine omen, no matter the size of matters, must have righteous hearts, never deceive themselves and others, do things openly and honestly, only then can they stay away from petty people. Everything unfavorable, must beware of petty people's gossip and disputes. If establishing an open and honest heart, misfortune can turn to good fortune.

Fortune Forecast:

Success: Household average, wealth difficult to have, silkworms and livestock require careful watching, pregnancy and illness require divine blessing.

Personal: Marriage not my destined match, travelers return requires long delay, all plans and hopes, may be difficult to accomplish.

Annual Fortune: This year's fortune is very special, often has sudden incidents disrupting original plans.

Career: Not very stable, everything must be done personally.

Wealth: Has opportunities for great wealth, but must seize timing, rely on ability and courage to strive for.

Family: Many arguments, must handle fairly and rationally.

Romance: Best not to marry this year, unless both have sufficient confidence.

Relocation: Though has moving opportunities, must be careful with property.

Reputation: In handling matters and treating people, let others discover your wisdom and perseverance.

Health: When ill, don't delay, must find doctors for examination.

Friendship: Among friends, some are not very loyal to you.

Feng Shui: The omen suggests difficult to prosper in family and wealth.

Lost Items: Difficult to recover original items.

Personal Fortune: Slightly not peaceful.

Weather: Difficult to predict heaven's will.

Travel: Also fears unfavorable outcomes.",
34,Divine Omen No. 34,"Divine Omen No. 34: Yu Shun Plows the Fields
Omen Fortune: Moderately Auspicious Omen

Divine Omen Poem:
Great Shun though plows at Mount Li,
Heart always filial to two stubborn parents.
Field elephants same as family elephants,
Good and evil clearly distinguished here.

Historical Context:
Shun was a tribal alliance leader in ancient China. Great Shun is an honorific title.

Divine Fortune Interpretation:
This omen has the meaning of filial piety moving heaven. Great Shun, though plowing fields at Mount Li, was very concerned about his parents at home. Most precious was that these two elderly people were both somewhat stubborn and obstinate, yet Great Shun served his parents most filially.

During Great Shun's work period, the two elderly often argued and required Great Shun to rush home to mediate. Fortunately, the elephants he raised, moved by Great Shun's kindness, were all obedient and helped him plow and handle household chores.

Fortune Forecast:

Success: Silkworms and livestock, goodness brings victory, seeking wealth, goodness brings it, all plans and hopes auspicious, goodness brings success.

Personal: Pregnancy brings joy, caused by goodness, marriage, goodness brings kinship, travel possible, also worth considering.

Annual Fortune: Peace brings many good opportunities.

Career: Do everything to the best of your ability, can consider changing jobs or starting new ventures.

Wealth: Wealth comes naturally, no need to deliberately pursue.

Personal Well-being: Be kind to others, not greedy or delusional, avoid pride and impatience.

Family: Family harmony brings prosperity in all things, should be filial to parents.

Romance: Will find like-minded good companions, this year suitable for marriage.

Relocation: Very good opportunities, and parents can help greatly.

Reputation: Easily gain others' trust and appreciation.

Health: Body should have no major issues, but occasionally has injuries.

Friendship: Happy to help others, others also happy to approach you.

Feng Shui: The omen suggests blessed people leave blessed places.

Lost Items: Should do one's best to search.

Personal Fortune: Accumulating goodness brings peace.

Weather: Heaven blesses the good.

Travel: Going also brings joy.",
35,Divine Omen No. 35,"Divine Omen No. 35: Tang Monk Seeks Scriptures
Omen Fortune: Moderately Auspicious Omen

Divine Omen Poem:
Heaven will bestow great responsibility on this person,
Bones and muscles first labor, that body suffers.
Don't say good prospects come easily,
Poverty and wealth have previous causes.

Historical Context:
Tang Monk, also known as Tang Sanzang, originally surnamed Chen, Dharma name Xuanzang, was a Tang Dynasty eminent monk who went to India to study Buddhist scriptures. After more than ten years, he returned to China and devoted himself entirely to translating scriptures, totaling 1,335 volumes. His arduous story of seeking western scriptures is widely circulated among the people, most popular being ""Journey to the West.""

Divine Fortune Interpretation:
This divine omen shows bitterness first then sweetness, meaning everything requires complete dedication and effort. Heaven wants people to do great things, first must make their bones and muscles labor, heart and mind suffer, even endure hunger. Never think good prospects fall from heaven. Everyone's enjoyment of fortune or suffering poverty today has previous causes.

Fortune Forecast:

Success: Fame and profit, seeking is difficult, silkworms and livestock, do your best to watch, illness gradually improves, marriage has destiny.

Personal: For household matters, must accumulate virtue, all plans and hopes, should carefully choose, travelers difficult to predict.

Annual Fortune: Bitterness first then sweetness, every day has new challenges.

Career: Career-oriented people who obtain this omen can confidently do their best to create great achievements.

Wealth: Don't seek quick success and immediate profit, should have long-term vision, don't be greedy for windfalls.

Personal Well-being: Often have minor setbacks, with steady heart and firm will, can safely pass through.

Family: Families that accumulate goodness have surplus blessings, don't argue over meaningless small matters.

Romance: Meeting destined people, can marry after autumn.

Relocation: Has moving opportunities, better to go west.

Reputation: Real talent and substance, people admire.

Health: More exercise, eat more vegetables and fruits, body better.

Friendship: Might as well expand social circles, great opportunities to interact with foreigners.

Feng Shui: The omen suggests when time comes, naturally prospers.

Lost Items: Should try hard when searching.

Personal Fortune: Cultivating goodness brings peace.

Weather: Abundance and consumption have no fixed schedule.

Travel: Advance and retreat should be cautious.",
36,Divine Omen No. 36,"Divine Omen No. 36: Xue Pinggui Returns Home
Omen Fortune: Moderately Auspicious Omen

Divine Omen Poem:
This matter truly like a boat reaching shore,
Why worry about wind and water not being complete?
Raising head sees the village ahead,
House corners in slanting sun, smoke already faint.

Historical Context:
During the Tang Dynasty, Prime Minister Wang held a silk ball throwing ceremony to seek marriage. Miss Wang Baochuan favored Xue Pinggui, so the silk ball fell on him. However, Prime Minister Wang disliked Pinggui's poverty and had second thoughts.

Fortunately, Baochuan's love was stronger than gold. She preferred to give up wealth and nobility to marry into Pinggui's cold kiln, living together as husband and wife. Soon after marriage, Pinggui joined the army to fight, while Baochuan alone guarded the cold kiln.

Divine Fortune Interpretation:
This divine omen shows Pinggui establishing military merit in the army, returning triumphantly to the kiln, reuniting with his wife Baochuan - the good prospect before the eyes. Current matters are like a boat reaching shore, still worrying about no scenery?

Raising head sees the village houses ahead, rising smoke in the sunset. Heart at peace and happy, carefree and worry-free. Those who obtain this divine omen have everything stable, good fortune without misfortune.

Fortune Forecast:

Success: Fame and profit achieved, both complete, pregnancy without obstacles, illness gradually improves, household blessed, travelers return.

Personal: Silkworms profitable, marriage can be joined, all plans and hopes have opportunities, livestock auspicious, should move forward.

Annual Fortune: From year's beginning to end, fortune gets better day by day.

Career: Set a feasible and ambitious plan, then proceed step by step.

Wealth: Wealth comes naturally, don't worry about occasional small difficulties.

Personal Well-being: Misfortune turns to good fortune, noble patrons everywhere to support.

Family: Husband and wife loving, mutually help each other's fortune.

Romance: Lovers finally become couples, best not to measure the other from economic perspective.

Relocation: Shows signs of birds tired and knowing to return, after immigrating, very likely to return.

Reputation: The omen suggests fame and profit achieved, gaining others' admiration.

Health: Long-troublesome illnesses gradually improve after paying attention to rest.

Friendship: Friends can help each other, have noble patrons of the opposite sex.

Feng Shui: The omen suggests family and wealth gradually come.

Lost Items: Will be found when sought.

Personal Fortune: The omen suggests coming and going both peaceful.

Weather: Both wind and rain meet wishes.

Travel: All journeys bring joy.",
37,Divine Omen No. 37,"Divine Omen No. 37: Su Dongpo Tours the Red Cliffs
Omen Fortune: Very Auspicious Omen

Divine Omen Poem:
Moonlit autumn river, fishing for giant turtles,
Fish shape exactly like four-gilled perch.
Home stores old wine enough to fill a dou,
With friends flying wine cups, emptying all bottles.

Historical Context:
Though Su Dongpo's official career was not very good, he excelled in being a famous scholar with romantic charm, having wide social connections, finding solace in mountains and waters. Facing beautiful scenery and good times, composing poetry and drinking wine with close friends was also a pleasure in life. Su Dongpo touring the Red Cliffs wrote the ""Great River Flows East"" poem that has been recited for thousands of years.

Divine Fortune Interpretation:
This divine omen records Su Dongpo's delightful pleasures while touring the Red Cliffs. Autumn moon shines on river waters, boating and fishing with good friends, actually catching the finest four-gilled perch, so bringing out home-stored old wine to share with everyone, spending this joyful time together.

Having one dou of home-stored old wine, sharing and drinking with good friends, this is a scene of happy wandering. Those who obtain this divine omen have smooth plans, everything goes smoothly, everywhere brings success.

Fortune Forecast:

Success: Marriage compatible, household prosperous, illness definitely cured, profit immediately abundant, silkworms and mulberries beautiful, livestock raised successfully.

Personal: Pregnancy brings sons, travelers have return journey, all plans and hopes bring complete enjoyment.

Annual Fortune: Has favorable timing, geographical advantage, and human harmony, can be optimistic.

Career: Often has unexpected harvests, best to cooperate with others.

Wealth: Must know how to earn money, also know how to enjoy life.

Personal Well-being: Happy and joyful, without worries or sorrows.

Family: Family fortune flourishing, but should encourage younger generation's studies.

Romance: Getting married this autumn is a good idea.

Relocation: Moving fortune very strong, new places have better environments.

Reputation: Best to maintain humility and amiability.

Health: No illness or pain, but don't drink excessive wine.

Friendship: Will make interesting new friends while traveling.

Feng Shui: The omen suggests both wealth and family prosperity.

Lost Items: Will be found when sought.

Personal Fortune: No illness and prosperous.

Weather: The omen suggests abundant harvest brings great joy.

Travel: Everywhere meets with satisfaction.",
38,Divine Omen No. 38,"Divine Omen No. 38: Tao Yuanming Resigns from Office
Omen Fortune: Moderately Auspicious Omen

Divine Omen Poem:
Return home, official position closed,
Room can accommodate knees, also brings peace.
South window entrusts pride, discussing poetry and wine,
Leaning on staff, wandering, fully viewing mountains.

Historical Context:
In the Jin Dynasty, Tao Yuanming would not bow for five pecks of rice, resigned from office, returned to the countryside to enjoy his simple life. Living a reclusive life, his ""Return Home"" essay written for this purpose is the meaning of this divine omen.

Divine Fortune Interpretation:
""Return home,"" what's so great about being an official? Returning to my humble home, though the dwelling is narrow, also feels incomparably peaceful and joyful. Leaning by the south window, entrusting my pride, drinking wine and discussing poetry with close friends.

Holding staff to climb high, wandering everywhere, fully enjoying the beauty of mountains and forests. Obtaining this divine omen brings joy in tranquility, good fortune without misfortune.

Fortune Forecast:

Success: Fame not achieved, wealth gradually comes, livestock and silkworms bring slight profit, marriage incompatible, pregnancy brings daughters.

Personal: Illness curable, travelers arrive, all plans and hopes, must know the right timing, household peaceful, cultivate goodness and beauty.

Annual Fortune: The omen suggests only stable, neither great joy nor great sorrow.

Career: This year is not for planning matters, best not to develop new plans for now, should maintain stability.

Wealth: Don't hope for quick wealth, but income stable, seeking wealth easier after winter.

Personal Well-being: A very leisurely and comfortable year, opportunities to learn new skills you like.

Family: Harmonious, joyful, and harmonious. If family members are pregnant, higher chance of daughters.

Romance: Love is like hide and seek, when you're anxious the other isn't, when the other is anxious you're not.

Relocation: Everywhere bayberries bloom the same, action not as good as stillness.

Reputation: The omen suggests petty people often slander behind your back, absolutely don't show off.

Health: More exercise, maintain good health, wait for opportunities.

Friendship: Many new friends, but none are career-oriented.

Feng Shui: The omen suggests stable with no concerns.

Lost Items: May be found when sought.

Personal Fortune: Cultivating goodness brings peace.

Weather: Average with no great joy.

Travel: Must know when to avoid.",
39,Divine Omen No. 39,"Divine Omen No. 39: Boyi and Shuqi Yield the Kingdom
Omen Fortune: Moderately Auspicious Omen

Divine Omen Poem:
Boyi and Shuqi cannot bear to eat Zhou grain,
Brothers willingly pick ferns for meals.
Yielding the kingdom, names should last ten thousand years,
Pitifully starving to death on Mount Shouyang.

Historical Context:
Boyi and Shuqi were the two sons of Lord Guzhu of the Shang Dynasty. Lord Guzhu abolished the elder and established the younger, after his death appointing Shuqi as successor, but Shuqi firmly wanted to yield to his elder brother. Boyi also refused to accept. As a result, both abandoned the opportunity to become kings and fled to the Zhou state.

Divine Fortune Interpretation:
King Wu of Zhou replaced King Zhou. Boyi and Shuqi knelt before his horse to remonstrate. After King Zhou destroyed Shang, the two were ashamed to eat Zhou grain and fled to Mount Shouyang, picking wild ferns and grass to satisfy hunger, ultimately starving to death. Boyi and Shuqi have always been worshipped by intellectuals as examples of noble integrity.

Those who obtain this divine omen belong to good fortune with misfortune, having hidden worries of lost fortune. Must first establish a good heart, endure hardship, difficult first then easy. This omen has good fortune with misfortune, should be careful.

Fortune Forecast:

Success: Marriage unsuitable, wealth difficult to obtain, livestock and silkworms require effort, household peaceful, illness extremely dangerous.

Personal: Pregnancy brings no joy, travelers have no obstacles, all plans and hopes bring little suitability.

Annual Fortune: Originally many opportunities, but lost due to inability to grasp them.

Career: Should adopt ""riding ox while leading horse"" strategy, steady and sure.

Wealth: Extremely difficult to have wealth fortune, but often have windfalls, can consider part-time work.

Personal Well-being: Many troublesome matters entangled, daily matters must be resolved daily.

Family: Someone at home can help you with effort.

Romance: The omen suggests best not to consider marriage this year.

Relocation: Don't have wishful thinking, unless new environment definitely better, otherwise should maintain old ways.

Reputation: Don't act on impulse, in the field of fame and profit have very strong opponents.

Health: May have illness during the year, beware of stomach and intestines.

Friendship: Harmful friends easier to harm you, discuss everything with family.

Feng Shui: The omen suggests stagnant fortune cannot prosper.

Lost Items: Difficult to recover original items.

Personal Fortune: Lost fortune brings hardship.

Weather: Even when matters exist, difficult to know.

Travel: Going may bring no benefits.",
40,Divine Omen No. 40,"Divine Omen No. 40: Bo Cai Smashes the Qin
Omen Fortune: Very Inauspicious Omen

Divine Omen Poem:
In the human world, how many true friends can there be?
Smashed the qin all because of Ziqi's death.
Before the grave, shed a thousand lines of tears,
Separated by yin and yang, each in different places.

Historical Context:
During the Spring and Autumn period, there emerged an outstanding qin master, Bo Cai, who had a true friend, Zhong Ziqi. Sadly, Zhong Ziqi left this world before Bo Cai.

Bo Cai was extremely grieved and smashed his beloved qin to pieces, crying before the grave: ""In this world, only Ziqi could understand my qin's meaning. Ziqi is dead, separated by yin and yang, each in different places. What's the point of playing the qin anymore!"" From then on, he truly never played the qin again.

Divine Fortune Interpretation:
Yu Boya was skilled at playing the qin. When Zhong Ziqi died, Boya felt few people in the world could understand his music. He smashed the qin and never played again, from then on separated by yin and yang, shedding tears before the grave. This shows signs of deep grief. Those who obtain this divine omen must be careful, should do more good deeds, only then can misfortune turn to good fortune.

This omen is very inauspicious, having signs of grief, everything unfavorable, also meaning losing friends and possessions, suggesting one's own talents are unappreciated. Those who obtain this omen should calm their hearts, cultivate themselves and study, retreat for a period, then wait for opportunities to re-emerge.

Fortune Forecast:

Success: Travel obstructed, illness lingering, pregnancy inauspicious, marriage without destiny, silkworms and livestock bring little profit.

Personal: Seeking wealth brings nothing, beware of whipping, all plans and hopes, don't advance, household requires cultivating virtue for peace.

Annual Fortune: Unfavorable, avoid funerals. Visiting the sick also requires careful date selection.

Career: Stagnant, external environment not good, must rely on own efforts.

Wealth: Must beware of financial losses and losing possessions, absolutely avoid speculation and gambling.

Personal Well-being: Often have sudden troubles, must rely on composure to resolve.

Family: Home feng shui greatly needs improvement.

Romance: Though meeting lovers, this year no destiny to unite.

Relocation: Immigration no progress for now, moving has opportunities, but must be careful.

Reputation: Step back, sea and sky vast, don't be too stubborn in life.

Health: Four limbs may have minor problems, if have neurasthenia, must definitely console yourself.

Friendship: The omen suggests friends difficult to help you, but easy to involve you.

Feng Shui: The omen suggests lost fortune may bring harm.

Lost Items: Even searching brings no recovery.

Personal Fortune: Many matters may harm spirit.

Weather: Worrisome with no joy.

Travel: Going brings no benefits.",
41,Divine Omen No. 41,"Divine Omen No. 41: Zhang Qian Obtains Precious Stones
Omen Fortune: Moderately Auspicious Omen

Divine Omen Poem:
Floating raft on moonlit night reaches the Milky Way,
Once saw heavenly maidens weaving brocade with shuttles.
Obtained the stone from the loom, people rarely recognize,
Who knew this treasure came from cloud nests?

Historical Context:
Zhang Qian of the Han Dynasty made multiple diplomatic missions to western and northern neighboring countries, making great contributions to cultural and economic exchanges. Zhang Qian's opening of the Western Regions has historical records. Precious stones, music, and grapes from beyond the Jade Gate were introduced to the Central Plains by him.

Divine Fortune Interpretation:
This divine omen describes Zhang Qian boating on a moonlit night, reaching the Milky Way, seeing fairy maidens weaving brocade. He quietly took a stone from the loom and returned. Only when back in the mortal world did he realize it was a precious stone!

Obtaining this divine omen brings fortune naturally, and also shows signs of being in fortune without knowing it. Everything auspicious, please don't worry. Should actively do good deeds, share goodness with others, noble patrons will naturally come to appreciate. Rare treasure that I alone obtained, auspicious indeed.

Fortune Forecast:

Success: Marriage compatible, travel about to arrive, raising livestock also brings profit, pregnancy brings daughters, illness requires prayers.

Personal: Household without obstacles, should accumulate goodness, wealth seekers also meet timing, all plans and hopes, should work hard.

Annual Fortune: Year suitable for planning matters, year-end brings unexpected surprises.

Career: Everything must be done personally, actively advance.

Wealth: Wealth accumulates unconsciously.

Personal Well-being: Peaceful, many noble patrons.

Family: Happy without worries, can enjoy all family pleasures.

Romance: The omen suggests love affairs easily succeed this year.

Relocation: Opportunities for travel abroad, immigration procedures can be fully processed.

Reputation: In social circles, your optimism and diligence are appreciated.

Health: No major issues, but when weather changes, be careful with diet and daily routine.

Friendship: Will make many good friends, remember not to have improper thoughts about the opposite sex.

Feng Shui: The omen suggests when time comes, naturally prospers.

Lost Items: Will eventually be found when sought.

Personal Fortune: Body also peaceful.

Weather: Gains unknown to others.

Travel: Going also brings no harm.",
42,Divine Omen No. 42,"Divine Omen No. 42: Wang Yun Presents Diaochan
Omen Fortune: Moderately Auspicious Omen

Divine Omen Poem:
Moon bright, strolling to flower railings,
No strategy, how can eliminate traitors?
Fortunately, Diaochan thinks of stabilizing the country,
Heroes cannot pass the beauty barrier.

Historical Context:
During the Eastern Han Dynasty, traitorous minister Dong Zhuo was in power, people had no means of livelihood. Wang Yun set up a beauty trap, presenting Diaochan. Dong Zhuo and his adopted son L? Bu quarreled over the beautiful woman, Dong Zhuo finally failed and his corpse was left in the wilderness.

Divine Fortune Interpretation:
This divine omen describes Wang Yun wandering under the moon before flowers, worrying about eliminating traitorous ministers. Fortunately, the maid Diaochan voluntarily offered herself to serve the country, making Wang Yun's beauty trap successful. This is ""heroes cannot pass the beauty barrier.""

Obtaining this divine omen, this year has several points to pay attention to. Everything must establish a loyal and upright heart, never join with bad people, must give full effort, and have confidence. Must establish a loyal and upright heart, with this good heart, can move people, will definitely have noble patrons' help, difficult first then easy, ultimately will succeed. This omen has good fortune without misfortune, but must beware of petty people's gossip.

Fortune Forecast:

Success: Silkworms and livestock, though damaged now, when timing comes, will return to original state, wealth attainable, illness definitely cured.

Personal: Marriage compatible, travel will return, all plans and hopes auspicious, household peaceful, pregnancy brings daughters, daughters will be virtuous.

Annual Fortune: Fortune not bad, and all in your own hands.

Career: Everything difficult to start, when matters have clues, success has already begun.

Wealth: Suitable for long-term investment, don't focus too much on temporary losses.

Personal Well-being: Bitterness first then sweetness, don't expect gains without effort.

Family: Household peaceful, household chores must be organized, can hope for a clever daughter.

Romance: Pattern of women pursuing men easier to achieve good marriage.

Relocation: Going out, whether immigration or travel, must avoid wine and women.

Reputation: Fully display talents in practical work.

Health: Don't worry and harm yourself over problems difficult to solve immediately.

Friendship: Many people actively show friendliness, have female noble patrons.

Feng Shui: The omen suggests avoiding evil brings good fortune.

Lost Items: Seeking noble patrons brings recovery.

Personal Fortune: Labor first then peace.

Weather: Bitterness has flavor.

Travel: Avoiding petty people brings good fortune.",
43,Divine Omen No. 43,"Divine Omen No. 43: Han Wengong is Demoted
Omen Fortune: Very Inauspicious Omen

Divine Omen Poem:
Only because of direct remonstrance angered heaven's face,
Day and night difficult to leave the saddle.
Master and servant rush about, spirits also weary,
Plus heavy snow blocking Lan Pass.

Historical Context:
Han Yu was a very learned person of the Tang Dynasty, serving as an official with integrity and bold speech. Because he submitted a memorial remonstrating against welcoming Buddha's relics, he was demoted to Chaoyang, Guangdong.

Divine Fortune Interpretation:
This divine omen records the desolate scene during his demotion journey: because of direct remonstrance, he angered the emperor. In the morning he submitted the memorial, that evening he had to depart for the distant Chaozhou.

To arrive in time for his new position as Chaozhou governor, he must travel day and night, never leaving the saddle. When Han Yu was exhausted from rushing about, he encountered heavy snow blocking Lan Pass, people and horses obstructed on the road, unable to advance another step. This is a very inauspicious omen, offending the emperor, future uncertain.

Fortune Forecast:

Success: Wealth not achieved, fame not achieved, illness difficult to cure, all plans and hopes bring misfortune, livestock and silkworms also bring no merit.

Personal: Travel obstructed, marriage don't ask, pregnancy uneasy, household fortune stagnant, all matters require careful attention.

Annual Fortune: Many dangers, obstacles everywhere, petty people cause harm.

Career: Lost both favorable timing and geographical advantage, only own efforts remain.

Wealth: Seeking wealth very difficult, income very likely to decrease, must prepare for tight times.

Personal Well-being: Many disputes, easily offend others, be careful.

Family: If want to retreat and defend, must have family harmony.

Romance: On the path of love, rough and uneven.

Relocation: Forcing change of environment, new places more difficult.

Reputation: Must avoid competing with others for short-term gains, maintain humility.

Health: Preserve strength, be more cheerful, wait for opportunities.

Friendship: Better to make friends with those of lower status and younger age.

Feng Shui: The omen suggests both family and wealth are blocked and stagnant.

Lost Items: Even searching brings difficulty in recovery.

Personal Fortune: Hardship brings many disputes.

Weather: Beware of little sun, much rain.

Travel: The omen suggests matters very difficult to accomplish.",
44,Divine Omen No. 44,"好的，我來為您翻譯這首籤詩，並提供容易複製的版本：

```
Divine Omen No. 44: Tang Tianbao Evaluates Flowers
Omen Fortune: Moderately Auspicious Omen

Divine Omen Poem:
Full garden of spring colors compete in new attire,
Intent seems to compete for beauty, seize national fragrance.
After all, who takes the beautiful first place?
Peony's beauty crowns the hundred flowers field.

Historical Context:
During the Tang Tianbao period, it was a peaceful and prosperous era, with Emperor Xuanzong Li Longji on the throne. At that time, people greatly loved peonies, using them to symbolize wealth and good fortune.

Divine Fortune Interpretation:
This divine omen describes the scene where all flowers competed for beauty, and peony was evaluated as the first among all flowers. Full garden of spring colors, all flowers showing off their new attire, everyone intending to compete for the honor of national fragrance.

After all, who ranks first? Look at the peony! She outshines all other flowers, winning the championship of the entire field!
Though this omen is only moderately auspicious, it has good omens of spring breeze satisfaction.

Fortune Forecast:

Success: Seeking fame achieved, seeking wealth obtained, livestock and silkworms all profitable, illness can be peaceful, pregnancy brings joy.

Personal: Household peaceful, travelers arrive, marriage also suitable, all plans and hopes auspicious, don't doubt.

Annual Fortune: Very auspicious, after the beginning of spring, already entering good times.

Career: One branch stands out, surpassing all heroes, should advance sharply while taking advantage of the momentum.

Wealth: Seeking wealth much smoother than before, but must save, to prepare for when flowers fall.

Personal Well-being: Peaceful and wealthy, many wishes will be realized this year.

Family: Many happy events, should properly celebrate birthdays, weddings and other important days.

Romance: In the field of love, you are a winner. This year is a good time for marriage.

Relocation: Favorable everywhere, going to new places will bring new developments.

Reputation: The omen suggests maintaining your good image.

Health: Occasionally minor illnesses, but must see doctors, absolutely don't self-treat randomly.

Friendship: More friends when successful, spending some thought will definitely find those with deep friendship.

Feng Shui: The omen suggests when fortune comes, will prosper.

Lost Items: The omen suggests will be found when sought.

Personal Fortune: Body and heart equal.

Weather: Everything meets people's wishes.

Travel: Going also suitable.
```

現在您可以輕鬆複製整個翻譯內容了！",
45,Divine Omen No. 45,"Divine Omen No. 45: Wang Zhi Meets Immortals
Omen Fortune: Neutral Omen

Divine Omen Poem:
Gathering firewood unexpectedly reaches cloud heaven,
Leisurely years, two old immortals playing chess.
Axe handle rots, also thinking of returning to homeland,
Seven days in mountain, a thousand years in the world.

Divine Fortune Interpretation:
Wang Zhi was originally an ordinary woodcutter. One day, going up the mountain to cut firewood, he accidentally entered an immortal mountain and saw two elderly people playing chess. The chess game happened to be between masters, with thousands of changes, very interesting.

Wang Zhi watched entranced, forgetting everything. Seven days and nights passed quickly. Wang Zhi only then discovered that the axe he brought had rotted, and realized he should take firewood home. When he returned home, everything had changed. No one recognized him, and he didn't recognize anyone.

After careful inquiry, he learned that he had been away from home for a thousand years! This is the story of ""seven days in the mountain, a thousand years in the world.""

Fortune Forecast:

Success: Wealth attainable, marriage can succeed, silkworms and livestock bring light profit, illness curable, travelers delayed.

Personal: All plans and hopes also suitable, household also peaceful, pregnancy without obstacles, heart slightly relaxed.

Annual Fortune: Stable with opportunities, if not grasped, will be wasted.

Career: Even the best plans, if not implemented, equal zero.

Wealth: Everything depends on own efforts, otherwise like entering treasure mountain empty-handed.

Personal Well-being: Has immortal connection, has natural talent, must cultivate and do good deeds.

Family: Family moderately well-off, husband and wife discover sincere feelings in plainness.

Romance: Love fortune very good, often feel ""happiness makes time pass unnoticed.""

Relocation: Whether to move or not, already determined, both bring good fortune, but seek peace of mind.

Reputation: Though others cultivate, no connection with empty fame.

Health: Do more outdoor activities, long life of a hundred years.

Friendship: Will make friends with learning and cultivation.

Feng Shui: Average with no concerns.

Lost Items: May be found when sought.

Personal Fortune: The omen suggests cultivating goodness brings immortal connection.

Weather: Plain with little joy.

Travel: Advance and retreat according to people's wishes.",
46,Divine Omen No. 46,"Divine Omen No. 46: Zuo Ci Teases Cao Cao
Omen Fortune: Very Inauspicious Omen

Divine Omen Poem:
Several boxes of yellow oranges presented to Lord Cao,
Cutting open reveals flesh completely empty.
Anger moves the treacherous hero to swing iron axe,
Rushing to hide among ten thousand sheep.

Historical Context:
Zuo Ci was a legendary figure of the Three Kingdoms period who repeatedly used magic to tease Cao Cao, making this treacherous hero who already suffered from chronic headaches even more headache-ridden. But Zuo Ci was finally pursued and killed by Cao Cao, his whereabouts unknown.

Divine Fortune Interpretation:
The omen mentions only one example of Zuo Ci teasing Cao Cao. He presented boxes of golden premium oranges to Cao Cao, but when cut open with a knife, they were completely empty inside.

This angered the treacherous hero Cao Cao who wanted to pursue and kill him, so he quickly mixed into a flock of sheep to escape. This omen metaphorically suggests that within good false appearances, there lurks extremely bad potential.

Fortune Forecast:

Success: Illness dangerous, pregnancy brings alarm, silkworms and livestock bring poor harvest, fame not achieved, wealth not obtained.

Personal: Travelers have no return journey, marriage incompatible, household not peaceful, all plans and hopes cannot proceed.

Annual Fortune: Not a good year, don't be deceived by surface benefits.

Career: When confronting opponents, must proceed step by step with caution, beware of traps.

Wealth: Wealth fortune very poor, absolutely don't be greedy for small advantages.

Family: Family fortune relatively stable, just not suitable to gamble at home. Pregnant women should be extra careful.

Romance: Love sea often has unpredictable storms. Don't consider marriage this year.

Relocation: Better to stay in original residence, wait for a period before deciding.

Reputation: Stay away from dark forces, otherwise legal trouble comes quickly.

Health: Existing illnesses sometimes good sometimes bad, beware of worsening.

Friendship: Few people willing to give you unpleasant but honest advice, worth cherishing.

Feng Shui: The omen suggests rash action may offend evil spirits.

Lost Items: Forcing brings disputes.

Personal Fortune: Cultivating goodness can dispel.

Weather: World changes truly pitiful.

Travel: Going brings great disadvantages.",
47,Divine Omen No. 47,"Divine Omen No. 47: Lu Su Demands Jingzhou
Omen Fortune: Neutral Omen

Divine Omen Poem:
Traveling thousands of miles to Western Shu,
Wanting to ask when Jingzhou will be returned.
Liu Bei speaks not a word, tears falling,
Thinking to himself no strategy to turn to Wu.

Historical Context:
Three Kingdoms: Wei, Shu, and Wu, namely Cao Cao, Liu Bei, and Sun Quan. Liu Bei once listened to Kongming's advice to ally with Wu against Wei. Initially, Liu Bei had not established Shu's foundation in Sichuan area, and had borrowed Jingzhou from Sun Quan as a temporary dwelling place.

Eastern Wu repeatedly sent Lu Su to demand Jingzhou's return from Liu Bei, but Liu Bei had many reasons, using delay tactics, claiming helplessness, temporarily unable to return Jingzhou. This is the story of ""Liu Bei borrowing Jingzhou, never to return.""

Divine Fortune Interpretation:
Liu Bei borrowed Jingzhou from Wu. After Liu Bei obtained Shu, Eastern Wu sent people to Western Shu to demand Jingzhou's return. Liu Bei shed tears without speaking a word, thinking to himself no strategy to turn the situation around. Using tears to return Jingzhou, borrowing without returning.

When crying shows signs of sorrow and grief. Those who obtain this omen must endure hardship in everything, do more good deeds, only then can turn disaster to fortune. This omen has more misfortune than good fortune. This divine omen shows borrowing without returning, also has signs of crying. Those who obtain it should carefully understand the meaning within.

Fortune Forecast:

Success: Wealth difficult to obtain, illness slow to cure, silkworms and livestock bring minimal profit, marriage incompatible, pregnancy requires prayers.

Personal: Household average, should accumulate goodness, travelers require waiting for timing, planning good deeds requires careful consideration.

Annual Fortune: Has minor disasters, climbing mountains and crossing waters, financial transactions, must be extra careful.

Career: Often has obstacles, not suitable to start own business.

Wealth: Money matters require careful handling, accounts and documents must be personally checked.

Personal Well-being: Has difficult problems waiting to be resolved, can consider long pain better than short pain.

Family: Household peaceful, but must beware of financial losses.

Romance: The other often causes disputes over small matters, making you?退?? (between a rock and a hard place).

Relocation: Must consider thoroughly, many things have no return path.

Reputation: Must not break trust with others. Also don't be a middleman, introducer, or guarantor.

Health: Minor illnesses of skin and stomach still entangled, sometimes good sometimes bad.

Friendship: Don't invest with friends, try to avoid financial dealings.

Feng Shui: The omen suggests lost fortune may bring financial loss.

Lost Items: Labor and hardship may not bring recovery.

Personal Fortune: Having matters brings many worries.

Weather: Disaster energy truly pitiful.

Travel: Going brings no beauty.",
48,Divine Omen No. 48,"Divine Omen No. 48: Zhuo Wenjun Sells Wine
Omen Fortune: Neutral Omen

Divine Omen Poem:
Embroidered chamber listening to qin, thoughts arise,
Changing makeup at midnight, most joyful time.
Pitifully selling wine at Qiong market,
Talented scholar and beautiful lady both in kitchen.

Historical Context:
Zhuo Wenjun was an extraordinary woman of the Western Han Dynasty. Her grandfather was King Zhuo. Wenjun was skilled at playing the qin, had open thoughts. Soon after her husband's death, she met the talented scholar Sima Xiangru. The two fell in love at first sight and eloped as husband and wife.

Later, ignoring others' words, they both returned to their hometown and opened a wine shop in the busy market. The talented scholar Sima Xiangru worked in the kitchen, the beautiful lady Zhuo Wenjun tended the stove selling wine, becoming a story of the time. Though a poor couple, they were extremely happy without sorrow in all matters.

Divine Fortune Interpretation:
Zhuo Wenjun and Sima Xiangru, husband and wife, opened a wine stall. One was a talented scholar, one was a beautiful lady. Zhuo Wenjun heard Sima Xiangru's qin invitation at night, so decided to elope with him in the middle of the night. Both families had to tend the stove selling wine, showing signs of hardship. Sima Xiangru later became very noble.

This divine omen shows Wenjun newly widowed, later the two selling wine at the busy Qiong market, husband and wife united in heart and effort. Those who obtain this divine omen must endure hardship in everything, difficult first then easy. This omen is neither auspicious nor inauspicious, only ""average.""

Fortune Forecast:

Success: Pregnancy brings daughters, illness requires seeking doctors, travel obstructed, marriage unsuitable, silkworms bring minimal profit, also exists.

Personal: All plans and hopes must wait for timing, household without obstacles, should do good deeds, wealth seekers gain minimal profit.

Annual Fortune: This year's major fortune not bad. Bitterness first then sweetness, winter brings great noble patrons.

Career: Everything must be done personally, might as well consider husband-wife partnership.

Wealth: No windfalls, every penny must be earned by oneself.

Personal Well-being: Peaceful, old matters must be let go.

Family: Husband leads wife follows, family fortune rises from love, gradually reaching good times.

Romance: Love fortune quite good, don't miss this good marriage opportunity.

Relocation: Current location is a prosperous place, should maintain stability.

Reputation: Talents can be displayed, many people appreciate you.

Health: Generally no obstacles, be more optimistic, must avoid wine and women.

Friendship: You're happy to help friends, friends also happy to help you.

Feng Shui: The omen suggests fortune not yet ready to prosper.

Lost Items: Searching never brings recovery.

Personal Fortune: Freedom brings hardship.

Weather: Abundant harvest has waste.

Travel: Going also brings no benefits.",
49,Divine Omen No. 49,"Divine Omen No. 49: Sima Xiangru Inscribes the Bridge
Omen Fortune: Moderately Auspicious Omen

Divine Omen Poem:
Ten years under the window, hard work succeeds,
Great ambition difficult to express, wishes not light.
See the thirteen characters inscribed on the bridge,
Lifetime heart's vow truly devoted.

Historical Context:
Sima Xiangru was a learned talented scholar, skilled in qin, chess, poetry, and painting. His fu-style writing was magnificent, later appreciated by Emperor Wu of Han and granted official position.

Divine Fortune Interpretation:
This divine omen records the touching story of Sima Xiangru inscribing characters on a bridge before becoming famous. Ten years of hard study in cold windows, finally achieving academic success, but the great ambition in his heart had no opportunity to express. Sima Xiangru inscribed thirteen characters on a bridge in his hometown Chengdu, Sichuan: ""If one day I don't ride in high carriages with four horses, I won't cross this bridge!"" His determination was so firm.

Everything must establish one's own aspirations, must not avoid hardship, naturally difficult first then easy. Heaven never disappoints good-hearted people. If one can cultivate goodness, everything brings good fortune without misfortune. This divine omen shows a scene of happiness and satisfaction.

Fortune Forecast:

Success: Wealth attainable, illness curable, travelers return, gradually has timing, household stable, pregnancy brings joy.

Personal: All plans and hopes, should strive with determination, silkworms and livestock bring minimal profit, marriage all satisfactory.

Annual Fortune: Day by day developing toward good aspects, even better after autumn.

Career: Opportunities to start business and prosper from nothing, don't waste this year's time.

Wealth: Mid-year has greater legitimate wealth fortune, also windfalls.

Personal Well-being: Those with past cultivation, this year brings abundant harvest.

Family: Family circumstances change from frugal to luxurious, husband and wife's feelings deepen daily, must respect elderly at home.

Romance: Love happy, can actively propose to the other.

Relocation: Most suitable to go far from birthplace, develop outside.

Reputation: Where there's a will, there's a way, can gain fame and establish reputation.

Health: The omen suggests pleasant mood makes minor illnesses gradually self-heal.

Friendship: Have like-minded good friends.

Feng Shui: Gradually should prosper.

Lost Items: Hard work searching brings recovery.

Personal Fortune: From bitterness then sweetness.

Weather: Plainness changes to flavor.

Travel: Where there's a will, there's a way.",
50,Divine Omen No. 50,"Divine Omen No. 50: Wu Yuan Exits the Pass
Omen Fortune: Moderately Auspicious Omen

Divine Omen Poem:
Remembering Wu Zixu of those years,
Secretly fleeing, difficult to cross, fortunately met a fisherman.
Wanting to give precious sword as gift,
Great righteousness in friendship, yet refused not.

Historical Context:
Wu Yuan, also known as Wu Zixu, was a native of Chu during the Spring and Autumn and Warring States periods. His father and brother were killed by King Ping of Chu. Fortunately, he escaped to the state of Wu in time, later helping King of Wu attack Chu, excavating King Ping of Chu's tomb, whipping the corpse three hundred times to vent hatred. When Wu Yuan was fleeing, he faced countless difficulties, his hair turned white overnight.

Divine Fortune Interpretation:
This divine omen records Wu Yuan meeting noble patrons while fleeing. When Wu Zixu was fleeing, he was blocked by river waters, no path forward, pursuers behind. Fortunately, a fisherman rescued him, ferrying him across the river. Wu Zixu, grateful, insisted on giving his precious sword as a gift, but the fisherman refused to accept it.

Fortune Forecast:

Success: Illness requires seeking doctors, also no worries, silkworms and livestock require careful watching, travelers require long delay.

Personal: Household cultivates blessings, prosperity follows, pregnancy requires careful preparation, marriage has good matches.

Annual Fortune: Externally appears turbulent and unstable, but for you has very good opportunities.

Career: The omen suggests misfortune turns to good fortune, great noble patrons help you, will must be firm.

Wealth: Wealth comes naturally, strictly avoid greed, don't touch gambling.

Personal Well-being: Don't make a fuss over matters around you, be careful with words and actions.

Family: Must be filial to parents, family must be harmonious, arguments bring bad fortune.

Romance: Has good matches and good destiny, must respect the other's sincerity.

Relocation: Unless absolutely necessary, don't consider moving or immigrating.

Reputation: Choose goodness and be stubborn, maintain principles, will definitely achieve.

Health: Pay attention to rest, autumn and winter require more care.

Friendship: Have good friends who sincerely help you.

Feng Shui: The omen suggests stable with no concerns.

Lost Items: Can also be found when sought.

Personal Fortune: Cultivating goodness brings peace.

Weather: Plainness also has flavor.

Travel: The omen suggests avoiding greed before going.",
51,Divine Omen No. 51,"Divine Omen No. 51: King Cheng Cuts Tung Leaves to Enfeoff
Omen Fortune: Neutral Omen

Divine Omen Poem:
Cutting tung leaves though making children's play,
Enfeoffing north as jade tablet, words unchanged.
How can play become real matters?
Because no joking, thus like this.

Historical Context:
King Cheng was a king of the Western Zhou Dynasty who lost his father young, state affairs temporarily managed by his uncle Duke Zhou. One day, King Cheng was playing games with his younger brother Tang Shu. King Cheng cut tung leaves into jade tablet shape and said: ""I enfeoff you as a marquis."" Duke Zhou learned of this and congratulated Tang Shu.

But King Cheng said it was just a joke. Duke Zhou taught him: ""A ruler has no joking words."" Later, Duke Zhou's eastern expedition succeeded, consolidating Western Zhou's political power and returned government to King Cheng. King Cheng greatly enfeoffed marquises, indeed keeping his word, enfeoffing the Tang region to Tang Shu.

Divine Fortune Interpretation:
This divine omen's meaning is very deep. Everything must be sincere, careful with words, keep promises, brothers must be harmonious. Those who obtain this divine omen must be careful with every word and action, cannot treat as child's play, fear play becoming real, real mistakes difficult to recover. This omen is also average, everything without obstacles or hindrances.

Fortune Forecast:

Success: Marriage incompatible, wealth not great, all plans and hopes average, require careful attention, household peaceful, silkworms without damage.

Personal: Illness curable, pregnancy without obstacles, travelers return, may be delayed, livestock without damage.

Annual Fortune: Average, has small opportunities.

Career: Everything must be punctual and keep promises, must plan before acting.

Wealth: Not a year for seeking wealth, mostly save money for the future.

Personal Well-being: Has noble patrons' support, no major risks.

Family: Must be filial to elders, love younger generations. If pregnant can hope for sons.

Romance: Lovers have many arguments, everything must be open and honest.

Relocation: Coming to this world is one journey, accept what comes, mistakes have their benefits.

Reputation: Keeping promises is the guarantee of reputation.

Health: The omen suggests four limbs may have injuries.

Friendship: Sincere heart brings good friends, otherwise all abandon and relatives leave.

Feng Shui: Average with no concerns.

Lost Items: Searching may bring difficulty in recovery.

Personal Fortune: No gain no loss.

Weather: Some beautiful some not.

Travel: Mistakes have their benefits.",
52,Divine Omen No. 52,"Divine Omen No. 52: Pangu Creates Heaven and Earth
Omen Fortune: Neutral Omen

Divine Omen Poem:
Above pure, below turbid, forming heaven and earth,
Pure and turbid congealing, thus creating humans.
You want to understand many things clearly,
Then distinguish the three levels carefully.

Historical Context:
Pangu was born in the chaos of heaven and earth. Later, he created heaven and earth. Pangu grew one zhang taller each day, heaven also grew one zhang higher, earth also grew one zhang thicker. After eighteen thousand years, heaven and earth were completed.

Divine Fortune Interpretation:
Understanding this, whether to be auspicious or inauspicious depends entirely on oneself. Whether to be the rising pure qi above, or the congealing turbid qi below, please choose freely. Those who obtain this omen, everything should prioritize cleanliness, cannot be dirty, cannot be turbid. If there is greed, flowing becomes lower. If sometimes clean, sometimes dirty, then neither up nor down, are middle-level people.

Three levels clearly distinguished, each person makes their own choice. Maintaining good heart and doing good deeds, this is cleanliness and belonging to the upper level. Clean people have good fortune in everything, dirty people have misfortune in everything.

This divine omen says: Qi that is pure and rises upward is heaven, qi that is turbid and congeals downward is earth, the middle where pure and turbid qi mix is humans. If you obtain this omen, just think carefully, connecting upper, middle, and lower qi with upper, middle, and lower people, then it's not difficult to understand the truth.

Fortune Forecast:

Success: Marriage incompatible, wealth not great, all plans and hopes average, require careful attention, household peaceful, silkworms without damage.

Personal: Illness curable, pregnancy without obstacles, travelers return, may be delayed, livestock without damage.

Annual Fortune: This year's fortune entirely depends on accumulating hidden virtue.

Career: Plant good causes, reap good results, more work more gain, planning matters depends on own hands.

Wealth: Absolutely no windfalls, don't be greedy, don't gamble, steadily accumulating silver is the best strategy.

Personal Well-being: The omen suggests peace depends on whether one can cultivate virtue.

Family: Families that accumulate goodness will have surplus blessings, remember, family harmony brings prosperity in all things.

Romance: Due to this year's fortune being unstable, engagement and marriage are not suitable.

Relocation: Blessed people live in blessed places, good-hearted people are the same everywhere.

Reputation: To gain others' respect, must treat people with courtesy, goodness, and sincerity.

Health: The omen suggests strong body, no need to be too concerned with nourishment.

Friendship: Be close to good people, stay away from petty people, choose friends carefully.

Feng Shui: All depends on hidden virtue prospering.

Lost Items: Whether found or not uncertain.

Personal Fortune: Doing good brings peace.

Weather: Just use human effort.

Travel: Good brings fortune, evil not suitable.",
53,Divine Omen No. 53,"Divine Omen No. 53: Feng Huan Serves Lord Mengchang
Omen Fortune: Moderately Auspicious Omen

Divine Omen Poem:
Three thousand guests with pearl shoes serve Lord Mengchang,
Who recognizes the soaring eagle among them?
Among them, the one who returned playing the sword sheath,
Is the hero whose ambition none can match.

Historical Context:
During the Warring States period, Lord Mengchang had three thousand retainers. Feng Huan was initially treated as a lower guest. Feng Huan struck his sword sheath and said loudly: ""Sword, let's go! Here we have no fish to eat, no carriage to ride!"" Lord Mengchang heard this and treated him as an honored guest. Later, Feng helped Lord Mengchang make good connections, enabling Lord Mengchang not only to escape great disaster but also to recover his fiefdom.

Divine Fortune Interpretation:
This divine omen's main meaning is that among the crowd, there is one hero that others cannot recognize. Those who obtain this omen will definitely have benefits in everything, that is, they are heroes, but must cultivate goodness, have divine protection and help, only then can they recognize their benefits.

This divine omen says: Lord Mengchang had three thousand retainers, who had the insight to recognize such talent among them? This person who once played the sword sheath and sang is Feng Huan, the hero. Feng Huan is a heroic figure whose ambition none can match.

Fortune Forecast:

Success: All plans and hopes require discussion, travelers stagnant, illness requires prayers, household without obstacles, marriage also good.

Personal: Silkworms bring small profit, livestock without damage, pregnancy without obstacles, fame and profit, goodness brings hope.

Annual Fortune: Has fortune, but often requires using brains.

Career: Everything must first achieve human harmony, all people above and below must get along.

Wealth: Small wealth doesn't go out, big wealth doesn't come in, frugality though virtuous, but cannot treat others poorly.

Personal Well-being: In peace think of danger, don't be satisfied with current situation.

Family: Pay attention to public relations, maintain good relations with relatives and neighbors.

Romance: Has lovers who mutually appreciate each other, can consider marrying after autumn.

Relocation: The omen suggests migration fortune especially strong, going out meets noble patrons.

Reputation: At appropriate times, must display one's own capabilities.

Health: Body will be slightly stronger than before.

Friendship: Has a friend who very much trusts you, can lend a helping hand.

Feng Shui: The omen suggests direction must be appropriate.

Lost Items: Seeking requires proper methods.

Personal Fortune: Conditioning must be appropriate.

Weather: Must advance and retreat according to circumstances.

Travel: Support must come from the right people.",
54,Divine Omen No. 54,"Divine Omen No. 54: Zhuang Zhou Dreams of Butterflies
Omen Fortune: Neutral Omen

Divine Omen Poem:
Zhuangzi deep sleep becomes butterfly dream,
Gracefully flying into hundred flower clusters.
Gathering heavenly fragrance and returning,
Still in high bed with warm pillow.

Historical Context:
Zhuang Zhou was an outstanding thinker of the Warring States period who advocated quietism and non-action, wrote many works. King Wei of Chu offered sweet words and thick gifts, appointing him as prime minister, but he refused. The Tang Dynasty revered Taoism, and in the first year of Tianbao, Zhuangzi was honored as Southern Flower True Person.

Divine Fortune Interpretation:
The ancient person surnamed Zhuang named Zhou dreamed of transforming into a butterfly, flying into flower clusters to gather flowers. After waking from the dream, he was still in his high bed with warm pillow. This is a scene of complete illusion. Those who obtain this omen have everything mostly false with little substance, nothing to gain, but also no major obstacles. Therefore, this divine omen has the meaning of carefree freedom.

This divine omen tells the story of Zhuang Zhou dreaming of butterflies: Zhuangzi transformed into a butterfly in his dream, flying back and forth among hundred flowers. When gathering fragrant flowers and returning, he discovered he was still sleeping in his high bed with warm pillow. Those who obtain this omen are carefree and happy, without worldly conflicts, without demands on others. Suggests it's not yet time to plan great matters.

Fortune Forecast:

Success: Wealth difficult to obtain, household average, all plans and hopes require careful attention, pregnancy without harm.

Personal: Silkworms and livestock also without obstacles, travel not yet arrived, marriage don't join, illness curable, wait for timing.

Annual Fortune: Only stable, no special changes.

Career: Don't expect too much, many things differ greatly from your thoughts.

Wealth: Though has some slight wealth fortune, but will come in left hand go out right hand, difficult to accumulate.

Personal Well-being: Happy without worries, but must pay attention to speech virtue, don't make excessive jokes.

Family: Often joyful, and you can help family's fortune.

Romance: This year just date casually, marriage matters discussed later.

Relocation: Seems everything easy, but doing it is much harder, but still has opportunities.

Reputation: Don't let others' praise go to your head, cultivate heart and nature.

Health: Most delightful within the year is open mind and body, time to consider weight loss.

Friendship: Many people smile at you, difficult to test friendship depth.

Feng Shui: The omen suggests stable with no obstacles.

Lost Items: The omen suggests searching may not bring recovery.

Personal Fortune: Cultivating goodness brings more peace.

Weather: Circumstances have changes.

Travel: Stable formation before going.",
55,Divine Omen No. 55,"Divine Omen No. 55: Wu Yinzhi Throws Away the Agarwood
Omen Fortune: Neutral Omen

Divine Omen Poem:
Harbor named Agarwood, leaving old regrets,
Crossing river still remembers ancient people's hearts.
Pitiful that day resigning from office and leaving,
Turbid water has fragrance, difficult to find.

Historical Context:
Wu Yinzhi was a clean official who once served in Guangdong Province, loving the people like his own children. Later, when resigning and leaving, he had clean sleeves. The people were grateful for his virtuous governance during his term, sending gifts one after another. Wu Yinzhi politely refused them all. Unexpectedly, when his return boat was sailing on the Pearl River.

Divine Fortune Interpretation:
Suddenly great winds and waves arose. Wu Yinzhi quickly asked his family and subordinates if anyone had accepted bribes. Everyone said no, but someone reminded him that the agarwood fan in Madam Wu's hand was a gift from an elder.

Wu Yinzhi immediately burned incense and prayed to heaven, then threw the agarwood fan into the river's heart. Indeed, the wind and waves calmed, and a small island appeared on the river, today's Agarwood Harbor. Those crossing the river often remember Yinzhi's integrity of those years.

Those who obtain this divine omen have everything stable, though good fortune has slight misfortune, but ultimately will be good, no need to worry or doubt.

Fortune Forecast:

Success: Wealth and profit attainable, greed brings failure, all plans and hopes require careful attention, illness curable, travel delayed.

Personal: Livestock and silkworms without damage, pregnancy average, marriage don't join, household cultivates goodness, fortune naturally comes.

Annual Fortune: This year's fortune shows signs of improvement in balance.

Career: Has job change opportunities. Business people should develop toward re-export trade.

Wealth: Legitimate wealth attainable, but absolutely don't be greedy for windfalls.

Personal Well-being: Stable, petty people difficult to invade.

Family: Those who are content have happy homes. Women should avoid gossipy women.

Romance: Difficult to meet those who catch your eye, even when meeting, difficult to pursue.

Relocation: Everywhere has new development opportunities.

Reputation: Don't develop greedy thoughts, and beware of romantic scandals causing disputes.

Health: Do more jogging, gymnastics, boxing and other exercises.

Friendship: Treat people with sincerity, many true friends.

Feng Shui: The omen suggests auspicious places not easily obtained.

Lost Items: The omen suggests searching may bring difficulty in recovery.

Personal Fortune: Cleanliness brings peace and goodness.

Weather: Beautiful scenery makes people think.

Travel: Good people can go.",
56,Divine Omen No. 56,"Divine Omen No. 56: L? Zu's Peach Wood Sword
Omen Fortune: Moderately Auspicious Omen

Divine Omen Poem:
How do we know this sword won't become a dragon?
Seeing water, it should emerge from the sleeve.
One day soaring thousands of miles,
Above the sky, beautiful clouds follow.

Historical Context:
L? Zu, L? Dongbin, one of the Eight Immortals. The peach wood sword is the immortal weapon held by this Pure Yang Patriarch who resigned from office during the Tang Dynasty to cultivate the Tao.

Divine Fortune Interpretation:
This divine omen has auspicious meaning, suggesting everything developing toward good aspects. The immortal secret appears in the first two characters of the omen ""安知"" (how do we know) - how do we know this peach wood sword won't become a dragon?

In the future, when achieving enlightenment, once seeing immortal water, it will transform into a dragon, flying out from L? Zu's sleeve, soaring thousands of miles, with colorful clouds accompanying in the sky!

Obtaining this divine omen, should work hard to cultivate and achieve, will definitely become a great vessel. Has good fortune without misfortune. If can do more good deeds to cultivate and supplement, then everything becomes more smooth, will definitely prosper.

Fortune Forecast:

Success: Fame attainable, wealth attainable, silkworms and livestock bring profitable harvest, illness definitely cured, marriage compatible.

Personal: Household auspicious, pregnancy without worries, travelers return, no need to wait long, all plans and hopes auspicious, good preparation.

Annual Fortune: Very auspicious, has definite opportunities for prosperity.

Career: Do your best with current work, when timing comes and fortune arrives, will become a dragon.

Wealth: Wealth flows in from all directions. Part-time work and side businesses often bring unexpected harvests.

Personal Well-being: Peace and danger entirely depend on own cultivation, must establish good heart.

Family: Household auspicious and prosperous, properly celebrate birthdays and those days worth remembering.

Romance: Love matures. You will feel the other's sincerity, jointly establish lifelong good relationship.

Relocation: The omen suggests migration fortune strong, home or office will move soon.

Reputation: Do good deeds and accumulate blessings, don't reveal true name and surname.

Health: Long-troublesome minor illnesses can hope to self-heal.

Friendship: Make wide good connections, social circles suddenly open up.

Feng Shui: The omen suggests this place will definitely prosper.

Lost Items: Recovery requires waiting for timing.

Personal Fortune: Gradually will prosper.

Weather: Future path even more delightful.

Travel: Endings even more satisfactory.",
57,Divine Omen No. 57,"Divine Omen No. 57: Alone Takes the Flower Crown
Omen Fortune: Moderately Auspicious Omen

Divine Omen Poem:
Small building, spring rain sounds just ceased,
Wandering street, wooden shoes never stop.
Suddenly hearing flower seller enter the alley,
Buying one branch, walking slowly.

Spring rain just ceased, those wearing wooden shoes walking the street never stop. Suddenly hearing a flower seller enter the alley calling to sell fresh flowers, buying one branch of flowers, then walking slowly, fearing the road is wet and slippery.

Divine Fortune Interpretation:
This divine omen says that spring has come, bringing new vitality, must seize the moment, alone take the flower crown. ""Crown"" means first, suggesting everything must drink the first soup, but actions must be bold yet careful, besides being sharp-eyed and quick-handed, must also proceed step by step. As the saying goes, ""When catching a deer, must know to slowly remove the antlers.""

In the small building, hearing the continuous spring rain finally stop, but footsteps on the street continue to sound. Suddenly hearing a flower seller's voice from the alley entrance, immediately buying the first branch of flowers, then on the wet and slippery street, walking home safely.

Obtaining this divine omen, everything must be calm, cannot be hasty, being careful brings no mistakes. According to the ""walk slowly"" three characters, then peace and great auspiciousness, everything also stable without obstacles.

Fortune Forecast:

Success: All plans and hopes require careful attention, illness and pregnancy require caution, marriage attainable, travel gradually arrives.

Personal: Livestock and silkworms bring minimal profit, household peaceful, will have joy, seeking wealth, less is better.

Annual Fortune: After the beginning of spring, fortune improves, more spring rain, better fortune.

Career: Has several ups and downs, spring momentum good, establish solid foundation, develop slowly later.

Wealth: Everything must be seen through before doing, beware of traps.

Family: Household peaceful, often has happy events, suitable to become pregnant this year.

Romance: Meeting lovers, actively establish connections, then slowly adapt to each other.

Relocation: Better to maintain no change for now, if going out traveling or investigating, must be careful with safety.

Reputation: Good flowers naturally fragrant, no need to self-promote.

Health: No matter what minor illness or pregnancy, caution is best.

Friendship: Many people will actively interact with you, have cooperation opportunities with them.

Feng Shui: The omen suggests wanting to prosper cannot be rushed.

Lost Items: Slowly searching brings recovery.

Personal Fortune: Caution brings peace.

Weather: Sometimes meets with satisfaction.

Travel: Observing rain and clear weather also good.",
58,Divine Omen No. 58,"Divine Omen No. 58: Jian Shu Cries for the Army
Omen Fortune: Very Inauspicious Omen

Divine Omen Poem:
Qin army greatly defeated at Mount Xiao,
Three commanders all captured, all released.
Jian Shu's remonstrance not listened to,
Turning weapons, abandoning armor, returning to Qin.

Historical Context:
During the Spring and Autumn period, Duke Mu of Qin wanted to send troops to invade Zheng and Jin. The old minister Jian Shu strongly remonstrated, saying they should not do such unkind and unjust things, but Duke Mu of Qin acted alone. As a result, they were greatly defeated at Mount Xiao, and all three army commanders were captured alive by the enemy. The mother of the Jin ruler was Duke Mu of Qin's daughter. Duke Kang of Jin, remembering his grandfather's feelings, released this defeated army back to Qin, but they had to turn their weapons and abandon their armor.

Divine Fortune Interpretation:
This divine omen has many dangers: first is delusion, second is not listening to honest advice, acting alone, third is failure, fourth is humiliation, should avoid misfortune more. This divine omen is extremely dangerous. Those who obtain it have more misfortune than good fortune, must do more good deeds to turn disaster to fortune, should do good deeds on the same day.

Fortune Forecast:

Success: Illness dangerous, pregnancy brings many alarms, travelers stagnant, household not peaceful, livestock and silkworms mostly unsuccessful.

Personal: Wealth unfavorable, also no fame, all plans and hopes cannot proceed, marriage brings no sons.

Annual Fortune: Unfavorable, absolutely don't be arrogant and conceited, don't provoke disputes and lawsuits.

Career: Being able to maintain current status is already fortunate, temporarily wait for a period.

Wealth: Mid-year has multiple possibilities of financial losses, absolutely no windfalls.

Personal Well-being: Must cultivate heart and nature, reduce desires and do good deeds.

Family: Husband and wife have no major conflicts, but often troubled by disputes among relatives.

Romance: In love matters, third party appears halfway.

Relocation: Be content with current environment, absolutely don't act rashly.

Reputation: Small impatience disrupts great plans. Greed will bring personal ruin.

Health: Minor illnesses require doctor examination to avoid worsening.

Friendship: Often argue with friends. Examine yourself more.

Feng Shui: The omen suggests both family and wealth may decline.

Lost Items: Even forcing brings no recovery.

Personal Fortune: Cultivating goodness brings no disaster.

Weather: Disaster fortune may be unavoidable.

Travel: Failure without success.",
59,Divine Omen No. 59,"Divine Omen No. 59: Dong Shi Imitates Xi Shi
Omen Fortune: Very Inauspicious Omen

Divine Omen Poem:
Silk-washing girl beauty unmatched,
Charm causing Wu kingdom's destruction.
Most annoying Dong Shi imitating frowning smile,
How can pheasant surpass phoenix?

Historical Context:
Xi Shi was one of China's four great beauties of ancient times. During the Spring and Autumn period, the state of Yue was almost destroyed by the state of Wu. Later, King Goujian of Yue obtained Xi Shi from Fan Li's offering, making peace with Wu. King Fuchai of Wu, after obtaining Xi Shi, became licentious and confused, ultimately destroyed by King of Yue.

Divine Fortune Interpretation:
This divine omen says that Xi Shi, this silk-washing girl, was beautiful and charming beyond compare. One smile toppled the city, another smile caused the Wu king to lose his kingdom. Most presumptuous was the ugly Dong Shi, who all day imitated Xi Shi's frowning expression, thinking she could gain others' pity and love. Actually, pheasant is just wild chicken, how can it pretend to be a phoenix?

Those who obtain this divine omen must know their place and accept fate, follow timing and heaven's will, cannot have high ambitions and force delusions. Knowing oneself inferior to others yet forcing to learn from them brings no beauty, definitely more misfortune than good fortune.

Fortune Forecast:

Success: Wealth broken and wasted, travel not arrived, silkworms and livestock bring no profit, pregnancy and illness both bring physical suffering.

Personal: Household not peaceful, accumulate goodness to compensate, marriage even worse, all plans and hopes not suitable to do.

Annual Fortune: Fortune not good, should cultivate heart, don't go out to provoke disputes.

Career: This year many things unsatisfactory, maintaining stability is the beginning of success.

Wealth: Often has meaningless expenses, should reduce unnecessary spending.

Personal Well-being: Know your place and maintain yourself, can safely pass through difficulties.

Family: Household not peaceful, women stirring up disputes.

Romance: The omen suggests love foundation unstable, easily produces friction.

Relocation: Action not as good as stillness. Beware of getting worse with each move.

Reputation: Showing ugliness not as good as hiding clumsiness, troubles only for forcing to stand out.

Health: Don't moan without illness, suspicious mind creates dark ghosts.

Friendship: Many petty people, beware of opposite sex's false benevolence and righteousness.

Feng Shui: The omen suggests when fortune is lost, don't act rashly.

Lost Items: Even searching brings difficulty in recovery.

Personal Fortune: Knowing your place protects peace.

Weather: May have dissatisfaction.

Travel: Going brings troubles.",
60,Divine Omen No. 60,"Divine Omen No. 60: Li Bai Drunk Writes Reply to Foreign Envoy
Omen Fortune: Neutral Omen

Divine Omen Poem:
Reply to foreign envoy, drunk brush like clouds and smoke,
Days sleeping in Chang'an wine shops.
If meeting Tang emperor's summons,
Repeated calls cannot board the magnolia boat.

Historical Context:
The poet Li Bai was once insulted by treacherous ministers Yang Guozhong and Gao Lishi. Yang Guozhong once mocked Li Bai: ""What are your articles worth? Only fit to grind ink for me!"" Gao Lishi agreed: ""No, not even fit to grind ink, only fit to remove boots and carry shoes.""

Divine Fortune Interpretation:
Foreign states sent special envoys to Chang'an with many threats and demands. Most dangerous was that no one in the court could communicate with the envoy. At that time, someone recommended Li Bai to the emperor. Sadly, Li Bai was heavily drunk. The emperor issued a summons to invite him to the palace, personally feeding him sobering soup.

After Li Bai woke up, he made Yang Guozhong grind ink and Gao Lishi carry boots. In his drunken daze, his brush like clouds and smoke, wrote the reply to the foreign envoy, frightening the foreign states from invading again.

Those who obtain this divine omen should treat all matters lightly, cannot be greedy. Don't compete with others for superiority, moreover, form is emptiness, emptiness is form, not burdened by material desires. Step back and think, naturally happy. Regarding the omen, everything also stable without obstacles.

Fortune Forecast:

Success: Wealth brings little, household peaceful, silkworms and livestock also without harm, travel not arrived, illness harmless.

Personal: Marriage compatible, fame not achieved, pregnancy without alarm, all plans and hopes require careful consideration.

Annual Fortune: No major opportunities, though has false appearances, but cannot be relied upon.

Career: Has small satisfaction, shouldn't become complacent, must maintain position.

Wealth: Some legitimate wealth, but part-time income may be more abundant.

Personal Well-being: When people have no desires, happy without worries.

Family: Household peaceful. Disputes can be ignored.

Romance: Though the other repeatedly shows love actively, still must test their sincerity.

Relocation: Only seek peace of mind, no matter where going, must maintain happy mood.

Reputation: The omen suggests don't be greedy for vanity, don't act on impulse.

Health: No major obstacles, but don't drink excessive wine, avoid liver damage.

Friendship: For now don't expect friends to help.

Feng Shui: Average with no harm.

Lost Items: Searching may bring difficulty in recovery.

Personal Fortune: No matters, little immortal.

Weather: No joy no sorrow.

Travel: Everything don't be greedy for.",
61,Divine Omen No. 61,"Divine Omen No. 61: Twelve Golden Plaques Summon Yue Fei
Omen Fortune: Very Inauspicious Omen

Divine Omen Poem:
Twelve golden plaques urgently recall,
Treacherous hero's scheme when will it end?
Pitiful that once merit scattered,
Old and young supporting carriage, endless sorrow.

Historical Context:
Yue Fei, a loyal and good official of the Song Dynasty, greatly defeated the Jin army. Just when about to directly attack Huanglong and rescue Emperors Hui and Qin, the treacherous minister Qin Hui falsely transmitted imperial edicts, arbitrarily using twelve golden plaques to recall Yue Fei, then charging him with rebellion and killing Yue Fei and his son.

Divine Fortune Interpretation:
This divine omen is very inauspicious, suggesting being harmed by treacherous people at the moment of near success. When twelve golden plaques recalled Yue Fei, the people supported old and young to see him off, extremely sorrowful.

Obtaining this divine omen must seek good and avoid evil. First must cultivate goodness and accumulate blessings, second must beware of petty people everywhere, third must make wide good connections. Often listen to others' honest advice.

Everything must beware of petty people's harm, and must do more good deeds, make wide good connections, only then can dispel this disaster energy, turn misfortune to good fortune, turn disaster to fortune. Should do good deeds on the same day.

Fortune Forecast:

Success: Wealth broken and wasted, travel not arrived, silkworms and livestock bring no profit, pregnancy and illness both bring hardship.

Personal: Household not peaceful, accumulate goodness to compensate, marriage even worse, all plans and hopes not suitable to do.

Annual Fortune: Has signs of?退?? (between a rock and a hard place), fortune not yet arrived, not suitable to act rashly.

Career: Though has very good grand plans, but seems real yet false, don't force it.

Wealth: Wealth easily lost, even possibility of being deceived, stolen, or robbed.

Personal Well-being: The omen suggests must be vigilant everywhere, ignore all matters, don't be a middleman.

Family: Household often has arguments. Especially when your fortune is stagnant, more opinions.

Romance: Between husband and wife's feelings, mutual suspicion. If third party intervenes, makes things worse.

Relocation: Before fortune turns good, absolutely don't move or migrate.

Reputation: Reputation damaged, not due to own reasons, beware of others' plots.

Health: Within the year very likely to have serious illness and pain, autumn and winter especially need care.

Friendship: Friends can only give spiritual support, love but cannot help.

Feng Shui: The omen suggests damage to family and financial loss.

Lost Items: Difficult to recover original items.

Personal Fortune: Beware of illness and disputes.

Weather: Hardship without merit.

Travel: Beware of petty people's gossip.",
62,Divine Omen No. 62,"Divine Omen No. 62: Confucius Upholds the Way
Omen Fortune: Neutral Omen

Divine Omen Poem:
Beautiful jade hidden in this cabinet,
Don't seek good price, waste discussion.
Selling it can also wait for opportunity,
This thing why need to constantly examine?

Historical Context:
Confucius was a sage. Whether in learning, morality, or thought, he was a teacher for all generations. However, his official career and fortune were not good. He only devoted his life's energy to educating students and writing books, establishing theories in academic work.

Divine Fortune Interpretation:
This divine omen says: A person's talent and learning are like a beautiful piece of jade, should be well cherished and stored in a cabinet, not waiting for a good price to sell. Rather, should wait for opportunity. If meeting someone with insight who truly appreciates and recognizes one's worth, that's another matter. Those with talent but no opportunity, why constantly pity themselves?

Fortune Forecast:

Success: Travel not arrived, illness slow to cure, pregnancy without obstacles, marriage unsuitable, silkworms and livestock bring minimal profit.

Personal: Seeking wealth must follow reason, all plans and hopes should wait for timing, household auspicious, encourage cultivation.

Annual Fortune: Has major fortune, but timing not yet arrived.

Career: Before others appreciate you, still better to maintain old ways and cultivate yourself.

Wealth: Not yet the year for major wealth fortune, must open sources and reduce expenses.

Personal Well-being: Peaceful, but don't indulge yourself.

Family: Household very auspicious, you can help family succeed.

Romance: Love fortune not good, temporarily don't need to consider marriage.

Relocation: Environment after moving will definitely be better than now.

Reputation: Don't look down on yourself, must have great ambitions.

Health: Must conserve energy and build strength, physical health is future capital.

Friendship: Don't associate with people of low character.

Feng Shui: The omen suggests will definitely prosper in the future.

Lost Items: Don't be impatient when searching.

Personal Fortune: The omen suggests accumulating goodness brings natural prosperity.

Weather: Climate gradually delightful.

Travel: Suitable timing before going.",
63,Divine Omen No. 63,"Divine Omen No. 63: Yan Hui Finds Joy in the Way and Contentment in Poverty
Omen Fortune: Moderately Auspicious Omen

Divine Omen Poem:
Narrow alley, bamboo basket and gourd, not enough to worry,
Others seeing this are very concerned.
Not knowing joy in the Way forgets poverty,
Second Sage's fragrant name lasts ten thousand years.

Historical Context:
Yan Hui was a native of the state of Lu during the Spring and Autumn period, a good student of Confucius. The world honors Confucius as the Supreme Sage, and some also called Yan Hui the Second Sage, but later most people gave the title of Second Sage to Mencius, and changed to call Yan Hui the Restored Sage.

Divine Fortune Interpretation:
This divine omen is Confucius praising Yan Hui: Yan Hui is truly a virtuous person who finds joy in the Way and contentment in poverty, living in a narrow alley with only a bowl of rice and a cup of water. Others seeing his environment worry for him, but he has no worries or sorrows. The world should know that if a person can focus on learning and cultivating the Way, they can forget poverty.

Everything must endure poverty and hardship, all wealth and profit cannot be greedily desired, wholeheartedly cultivate goodness, then reality brings reputation, fame lasts forever. Even if poor for life, also no obstacles. This omen has good fortune without misfortune.

Fortune Forecast:

Success: Household auspicious, illness curable, all plans and hopes require careful attention, fame and wealth don't think recklessly.

Personal: Marriage compatible, travel gradually returns, silkworms and livestock bring profit, pregnancy without alarm.

Annual Fortune: This year in stability, often has some good fortune appearing.

Career: Not suitable to change careers, maintain current position, wait for development.

Wealth: Wealth comes naturally, no need to deliberately pursue.

Personal Well-being: Maintain your place, best to continue studying subjects you're interested in.

Family: Contentment brings constant joy, household harmonious, this year high chance of having sons, children study intelligently.

Romance: Finally someone appreciates your character and talents. This year suitable for marriage.

Relocation: No matter what new environment, little change to your fortune.

Reputation: Though you don't like to show off, many people admire you.

Health: When your skin and digestion have minor problems, best to make diet lighter.

Friendship: Cannot find like-minded close friends and good companions.

Feng Shui: The omen suggests stable with no obstacles.

Lost Items: Searching not yet successful.

Personal Fortune: Knowing your place brings peace.

Weather: Knowing fate brings no worries.

Travel: Bitterness has sweet flavor.",
64,Divine Omen No. 64,"Divine Omen No. 64: Meng Zhifan Guards the Rear
Omen Fortune: Moderately Auspicious Omen

Divine Omen Poem:
Running to palace must know ancient people,
Entering gate, spurring horse, not boasting ability.
Defeated army, who willingly follows behind?
Claiming the horse fears hardship and toil.

Historical Context:
Meng Zhifan was a native of the state of Lu during the Spring and Autumn period, serving as a senior official. Once, when Lu was defeated by Qi, the Lu army competed to retreat back to the city. The scene of wild running was very狼? (disorderly), but Meng Zhifan insisted on being the rear guard general. When he was the last to enter the city gate, others praised him for being brave and willing to care for others.

Divine Fortune Interpretation:
Because according to common sense, who in a defeated army willingly runs last? But Meng Zhifan had even greater sentiments. Amid others' praise, he very humbly said: ""I'm not brave, just my mount is too tired, no matter how I whip it, it won't go!"" Confucius once greatly praised Meng Zhifan's bravery and benevolence.

Those who obtain this divine omen must endure humiliation and treat others well, cannot argue with others, carefully cultivate virtue and open heart to receive things, thus can turn misfortune to good fortune.

Fortune Forecast:

Success: No fame or profit, travel return delayed, livestock and silkworms require careful attention, pregnancy and illness require prayers.

Personal: Can cultivate goodness, household beautiful, marriage generally unsuitable, all plans and hopes should wait for timing.

Annual Fortune: This year is for cultivation, not harvest.

Career: Often has small obstacles, but each difficulty overcome makes prospects clearer.

Wealth: Small expenses will be more, but small wealth doesn't go out, big wealth doesn't come in.

Personal Well-being: Peaceful, though has alarms, but no danger, rest assured.

Family: Family fortune very good, best year ever, many happy events.

Romance: Love sometimes has ups and downs, occasionally arguments.

Relocation: Staying in current position will be more stable.

Reputation: When encountering setbacks, or others don't understand you, let it go.

Health: Relax yourself, nerves not too tense, don't give yourself pressure.

Friendship: Many friends, but cannot help you, rather you can help others.

Feng Shui: The omen suggests family and wealth not very prosperous.

Lost Items: Searching may not bring recovery.

Personal Fortune: Cultivating goodness brings peace.

Weather: World not very beautiful.

Travel: The omen suggests going may bring disadvantages.",
65,Divine Omen No. 65,"Divine Omen No. 65: Last Ruler Loses His Kingdom
Omen Fortune: Very Inauspicious Omen

Divine Omen Poem:
When Sui destroyed Chen, halberds and axes chaotic,
All because bewitching beauty blinded the wise ruler.
East running west fleeing, no place to hide,
In the well, rouge conceals the jade person.

Historical Context:
This is a sorrowful and lingering historical story. It records the romantic and fallen emperor Chen Houzhu who was lustful and foolish, all day infatuated with Consort Zhang and Consort Kong, neglecting court affairs. Later, Emperor Gaozu of Sui raised an army to attack. Chen Houzhu's kingdom collapsed amid swords and spears.

Chen Houzhu embraced two favored consorts left and right, running east and west, suffering no escape route, only hiding in the rouge well. Sui soldiers rushed to the rear palace, discovered their traces, and used ropes to pull them up.

Divine Fortune Interpretation:
This is a very inauspicious omen with many dangers, must prevent early, don't indulge in wine and women, act recklessly, otherwise disaster comes quickly, regret too late.

Obtaining this divine omen, everything must be cautious, don't be blinded by petty people, do more good deeds, only then can dispel this disaster energy, turn disaster to fortune. This omen must beware of women and petty people's gossip, should do good deeds at Heavenly Queen Temple.

Fortune Forecast:

Success: Pregnancy brings alarm, illness dangerous, all plans and hopes bring misfortune, will definitely come true, livestock and silkworms have damage.

Personal: Travelers face many obstacles, marriage cannot succeed, wealth not achieved, household wants peace, cultivate good results.

Annual Fortune: Weather not good, fortune has more misfortune than good, must prevent early.

Career: Everything must be done personally, beware of female petty people and beauty traps.

Wealth: If can lose wealth to avoid disaster, already fortunate among misfortune.

Personal Well-being: Crisis everywhere, rather than being constantly worried, better to maintain clean self-discipline.

Family: Family fortune declining, absolutely don't have extramarital affairs.

Romance: The omen suggests beware of opposite sex friends who show excessive courtesy without reason.

Relocation: If you discover current environment unfavorable, move quickly.

Reputation: Greed for pleasure and empty fame will make you sink deeper.

Health: Old illnesses may worsen, strictly avoid wine and women.

Friendship: Best not to interact too closely with opposite sex friends.

Feng Shui: The omen suggests damage to family and waste of wealth.

Lost Items: Difficult to recover original items.

Personal Fortune: Cultivating goodness dispels disaster.

Weather: Miserable and unavoidable.

Travel: Decay cannot be supported.",
66,Divine Omen No. 66,"Divine Omen No. 66: Xizhi Meets with Noble Scholars
Omen Fortune: Very Auspicious Omen

Divine Omen Poem:
Orchid Pavilion elegant gathering of noble scholars,
Winding stream flowing wine cups, setting aside pipes and strings.
Sky bright, air clear, breeze pleasant,
Dense forest, tall bamboo, joy and contentment.

Historical Context:
Wang Xizhi was a calligrapher whose calligraphy works were treasured collections of courts and common people throughout generations. Many emperors even used Wang Xizhi's calligraphy as burial objects. Later generations honored him as the Sage of Calligraphy. The ""Preface to the Orchid Pavilion"" is Wang Xizhi's most famous and successful calligraphy, with multiple emperors' imperial seals on the scroll.

Divine Fortune Interpretation:
The ""Preface to the Orchid Pavilion"" records Wang Xizhi's joyful gathering with friends at the Orchid Pavilion on Mount Kuaiji on the third day of the third month. In the short twenty-eight character omen, already paints a vivid picture with sound and color. Obtaining this divine omen brings good fortune in all matters, happiness and smooth prospects.

Fortune Forecast:

Success: Travel arrives immediately, wealth immediately abundant, silkworms and livestock achieve success, can cultivate goodness, even more fame.

Personal: Illness cured immediately, household peaceful, all plans and hopes bring prosperity in all things, marriage can be settled, pregnancy without alarm.

Annual Fortune: Very auspicious, good fortune about to come.

Career: Has favorable timing, geographical advantage, and human harmony, late spring and early summer brings major opportunities.

Wealth: Wealth flows in from all directions.

Personal Well-being: Peaceful, many noble patrons, do as you wish.

Family: Home peaceful, husband and wife loving, if someone at home studies music even better.

Romance: Meeting optimistic and kind people, can settle for life.

Relocation: Immigration or moving, will have very good neighbors.

Reputation: Fame spreads in all directions, respected in society.

Health: Happy mood, hundred illnesses difficult to invade.

Friendship: Acquaintances throughout the world, many close friends, find opportunities to gather with new and old friends.

Feng Shui: The omen suggests both family and wealth can prosper.

Lost Items: Original items can be found.

Personal Fortune: Peace and joy bring many noble patrons.

Weather: Abundant harvest brings great joy.

Travel: All journeys bring good fortune.",
67,Divine Omen No. 67,"Divine Omen No. 67: Li Yuanba Claims Supremacy
Omen Fortune: Neutral Omen

Divine Omen Poem:
Though people have courage and strength, cannot withstand,
Don't rely on heroism to dominate alone.
Can carry Mount Tai across the North Sea,
Body and mind still precious, life and death important.

Historical Context:
Li Yuanba was the number one figure of the Sui and Tang periods, young and brave, martial arts unmatched, laying the foundation for the Tang Dynasty's establishment. Sadly, heroes have short lives, sacrificing on the battlefield.

Divine Fortune Interpretation:
This divine omen reminds that everything cannot be too sharp and exposed, fighting too hard easily brings injury. The omen says Li Yuanba, though his abilities cannot be blocked, but don't rely on youthful arrogance, showing off martial prowess everywhere. Even with strength to uproot Mount Tai and overturn rivers and seas, should also consider one's own life. Being human cannot rely solely on evil and brute force.

Fortune Forecast:

Success: All plans and hopes require careful consideration, pregnancy without obstacles, illness requires prayers, silkworms and livestock require careful attention.

Personal: Travel not arrived, household average, marriage incompatible, fame not achieved, wealth difficult to obtain, accumulating goodness brings prosperity.

Annual Fortune: Surface no problems, but crisis lurks beneath.

Career: Cannot rely only on impulse, everything requires more brainpower.

Wealth: Abandon ""big chicken doesn't eat small rice"" policy, seeking wealth should focus on small places.

Personal Well-being: Must be careful with words and actions, don't fight with others.

Family: To seek household peace, first must control one's temper.

Romance: Lovers will have major arguments, don't marry due to momentary impulse.

Relocation: Changing environment is also good, must live harmoniously with neighbors.

Reputation: Don't force to show off, after doing things, don't be greedy for credit.

Health: Be careful coming and going, beware of accidents, avoid damaging four limbs.

Friendship: Treat people kindly and sincerely, otherwise difficult to find close friends.

Feng Shui: The omen suggests beauty has hidden flaws.

Lost Items: Original items may be difficult to recover.

Personal Fortune: Caution brings no obstacles.

Weather: Beware of unexpected incidents.

Travel: Everything cannot rely on.",
68,Divine Omen No. 68,"Divine Omen No. 68: Grand Duke Jiang Achieves His Ambition
Omen Fortune: Moderately Auspicious Omen

Divine Omen Poem:
Long holding soaring ambition not yet fulfilled,
Carrying fishing rod at Wei River, fishing for swimming fish.
King Wen traveled a thousand miles seeking worthy scholars,
Destroying Zhou and establishing Zhou as he wished.

Historical Context:
Grand Duke Jiang had talent but no opportunity, only finding solace for his soaring ambitions in mountains and waters. He fished at the Wei River, using lotus stems, famous ancient saying: ""Grand Duke Jiang fishes, willing ones take the hook.""

At that time, King Zhou was unprincipled, heroes rose together. King Wen of Zhou came from afar, seeking the reclusive Grand Duke Jiang at the Wei River's banks. Finally, Grand Duke Jiang assisted King Wen and King Wu of Zhou, defeating King Zhou and establishing the Zhou Dynasty's imperial enterprise.

Divine Fortune Interpretation:
Those who obtain this divine omen must maintain a good heart in everything. Maintain caution and accept fate, follow timing and heaven's will, ultimately will have noble patrons guide and promote, everything goes according to wishes and brings good fortune, glory and prosperity.

Though this omen is only moderately auspicious, it has auspicious meaning. Those who obtain it, as long as they follow heaven's timing and establish good hearts, will definitely have everything go according to their wishes.

Fortune Forecast:

Success: Wealth attainable, illness curable, marriage compatible, travel will return, silkworms and livestock all profitable.

Personal: Household peaceful, pregnancy brings joy, all plans and hopes also suitable, fame and merit also meet timing.

Annual Fortune: Fortune beginning to improve, gradually entering good times, shows signs of bitterness ending and sweetness coming.

Career: Has great noble patrons' promotion, years of wishes can hope to be realized.

Wealth: Seeking wealth goes smoothly, but cannot be too greedy, avoid extravagance and waste.

Personal Well-being: Peaceful, establishing good heart, heaven grants wishes.

Family: Household harmonious and joyful, has joy of adding new members.

Romance: The omen suggests love is solid, like fish in water, best to marry this year.

Relocation: Whether immigrating abroad or buying property and moving, all have great opportunities.

Reputation: Years of effort can hope for the day of standing out.

Health: The omen suggests no major problems, but must pay attention to balancing work and rest.

Friendship: Many prestigious people want to know you, but don't forget those with worse circumstances than you.

Feng Shui: The omen suggests this place will bring nobility.

Lost Items: May be found when sought.

Personal Fortune: Fortune gradually prospers.

Weather: Bitterness ends and sweetness comes.

Travel: Going also brings smoothness.",
69,Divine Omen No. 69,"Divine Omen No. 69: Han Wengong Sacrifices to Crocodiles
Omen Fortune: Moderately Auspicious Omen

Divine Omen Poem:
Loyalty and righteousness in heart, official for ten years,
Years abundant, people happy, kindness unforgettable.
Crocodile poison and harm all can be calmed,
Praying to the Long River and North Sea King.

Historical Context:
Han Yu, though demoted to Chaozhou by the emperor for direct speech, made great contributions in literature, virtue, and governance, later honored as Wengong. Han Wengong served as an official in Chaozhou, diligent in governance and clean, serving country and people.

At that time, the Chaozhou coastal area often had crocodiles appearing, threatening human and livestock lives. Han Yu wrote a ""Sacrifice to Crocodiles"" essay, sincerely sacrificing to them, and set a deadline for crocodiles to migrate. As a result, a miracle occurred - from then on, no crocodiles appeared.

Divine Fortune Interpretation:
Those who obtain this divine omen have sincere hearts and firm will in everything, definitely can turn misfortune to good fortune. Han Wengong served as an official in Chaozhou for ten years, maintaining loyalty and righteousness in heart, enabling local people to live and work in peace. After sincere prayers, even the poisonous crocodiles were calmed.

Those who obtain this divine omen must maintain some goodness in heart, should do more good deeds, then good energy will be felt, can turn misfortune to good fortune. Disaster fortune can be eliminated. Regarding this omen, stable without obstacles, has good fortune without misfortune, but must beware of petty people's gossip and disputes.

Fortune Forecast:

Success: Illness and pregnancy require prayers, silkworms and livestock without damage, all plans and hopes also without obstacles.

Personal: Household stable, accumulating goodness brings prosperity, travelers move, gradually return home, wealth seekers bring great auspiciousness.

Annual Fortune: Weather good, if heart is good, then fortune even better.

Career: Planning matters smoothly, can change to more challenging work or industries.

Wealth: Wealth fortune very good, legitimate wealth smooth, also small windfalls.

Personal Well-being: Pray to gods and do good deeds, everything with complete dedication.

Family: In good years, don't forget to spend more time at home.

Romance: After long mutual understanding, finally moved by the other's sincerity, suitable for marriage.

Relocation: Don't actively seek immigration opportunities. When destiny has timing, work will bring opportunities.

Reputation: The omen suggests years of service will bring rewards.

Health: The omen suggests do more exercise, swimming and fishing both benefit you.

Friendship: Treat people with sincerity and truth, friends throughout the world.

Feng Shui: Good heart brings good place.

Lost Items: Original items may be found.

Personal Fortune: Cultivating goodness brings peace.

Weather: Good people have much smoothness.

Travel: Loyal and upright people can go.",
70,Divine Omen No. 70,"Divine Omen No. 70: Old Man at the Frontier Loses His Horse
Omen Fortune: Neutral Omen

Divine Omen Poem:
Comparable to the old man at the frontier of those years,
Though losing horse halfway on the journey.
Not knowing whether disaster or fortune is truly what matter,
Only at the end will understand the matter's beginning and end.

Historical Context:
In ancient times, there was an old man in the frontier region who lost a horse. He accepted it calmly. Later, the horse returned, bringing a small horse. The old man's son, while riding this small horse, accidentally broke his leg. The old man also accepted it calmly. Soon, all able-bodied men in the village were conscripted to build the Great Wall, but the old man's son was exempted from service and thus saved his life.

Divine Fortune Interpretation:
This divine omen metaphorically suggests matters still have reversals. Bad things can transform into good things, and good things can also transform into bad things. But we can only be like the old man at the frontier of those years, temporarily accept reality. Whether disaster or fortune, must accept calmly. Good and evil will have results in the end.

Life's disasters and fortunes are difficult to judge, only those who do good deeds can turn disaster to fortune. Those who obtain this divine omen cannot rejoice because of current good fortune, nor grieve because of current disaster. Must establish firm principles, wholeheartedly do good deeds, help others. This omen's good and bad fortune difficult to determine, depends on each person's actions, everything requires careful attention to avoid.

Fortune Forecast:

Success: All plans and hopes not very suitable, pregnancy and illness require prayers, silkworms and livestock require caution.

Personal: Travel not arrived, wealth also minimal, marriage not worth discussing, household peace uncertain timing.

Annual Fortune: Fortune has multiple reversals, temporary gains and losses, don't mind.

Career: Not suitable to overly expand. Steady and sure is better.

Wealth: Wealth comes naturally, but also many opportunities to spend.

Personal Well-being: Seems to have small risks, must maintain principles, use constancy to respond to change.

Family: The omen suggests home will have small friction, family members will have illness and pain.

Romance: Separation and reunion unpredictable, before fully understanding the other, don't discuss marriage.

Relocation: Future unpredictable, staying or leaving only seek peace of mind.

Reputation: Do more good deeds and public virtue, but strictly avoid seeking empty fame.

Health: Often have minor illnesses and ailments, no need to be nervous.

Friendship: Maybe you also need friends' help, but must help friends first.

Feng Shui: Prosperity and decline change with timing.

Lost Items: The omen suggests gains and losses should accept fate.

Personal Fortune: Doing good brings much peace.

Weather: Abundance or scarcity unknown.

Travel: Good people can go.",
71,Divine Omen No. 71,"Divine Omen No. 71: Zhuang Zhou Saves the Crucian Carp
Omen Fortune: Neutral Omen

Divine Omen Poem:
In dried ruts, crucian carp trapped,
Poverty and prosperity can be divined at that time.
If can draw in the West River water,
One day becoming a dragon, who knows?

Divine Fortune Interpretation:
This divine omen is a story from Zhuang Zhou's writings: There was a crucian carp trapped in a small water pit made by a cart wheel. The poverty and hardship at that time need not be explained, believe everyone will understand. But if, by chance, the West River water is drawn in, the fish in the dried ruts can escape this difficulty. One day returning to the sea, becoming a dragon is also possible.

Obtaining this divine omen shows signs of more misfortune than good fortune, and the predicament is very dangerous, yet cannot extricate oneself or save oneself. Must wait for major changes in fortune, or receive help from great noble patrons, only then can obtain liberation.

Fortune Forecast:

Success: Pregnancy brings alarm, illness curable, wealth difficult to obtain, travel return delayed, silkworms and livestock require effort.

Personal: All plans and hopes should wait for timing, household fortune stagnant, should accumulate goodness, seeking marriage not worth discussing.

Annual Fortune: Weather not good, geographical advantage also poor, must endure, and strive for human harmony.

Career: Everything cannot be done based on own subjective views, better to be an employee.

Wealth: Except spring and autumn can seek small wealth, other days wealth fortune very stagnant.

Personal Well-being: Within the year has legal trouble, disputes entangled, must examine oneself more.

Family: The omen suggests household fortune stagnant, do more good deeds, pay attention to home safety.

Romance: Before major fortune turns good, discussing marriage adds more trouble.

Relocation: If have conditions, best to immigrate. Otherwise also consider improving current environment.

Reputation: Not time to seek fame and stand out, must maintain humility and kindness.

Health: Eat more fruits and vegetables, drink more water. Pregnant women must be careful.

Friendship: The omen suggests make wide good connections, must treat people with sincerity.

Feng Shui: Lost fortune cannot prosper.

Lost Items: Currently searching brings no recovery.

Personal Fortune: When fortune stagnant, must cultivate goodness.

Weather: Should use human effort to compensate.

Travel: Wait for timing before going.",
72,Divine Omen No. 72,"Divine Omen No. 72: Gao Wending Guards in Hardship
Omen Fortune: Neutral Omen

Divine Omen Poem:
Rabbit long waiting, what are the intentions?
Pitiful foolish person alone guarding the stump.
Calculating incompetence makes me laugh,
No need to stick to old ways, self-restricting.

Historical Context:
In the state of Song, there was a farmer who accidentally encountered a wild rabbit running and crashing into a tree stump. So he picked it up and took it home to slaughter and eat. From then on, he didn't farm daily, just sat at the tree stump waiting for the next rabbit to arrive. This is also used to describe people like Gao Wending who cling to remnants and stick to old ways.

Divine Fortune Interpretation:
Ancient people had those who watched a tree waiting for rabbits to come, waiting very long without seeing rabbits come. This person still guarded the tree without leaving, his foolishness and lack of ability truly made people laugh. Cannot be rigid and stick to old ways. If blindly persist, though no major obstacles, ultimately also no benefit, why do this?

The omen says: Spending so much time waiting for rabbits, what's the point? This foolish person guarding the stump waiting for rabbits is truly pitiful. His low ability is really laughable. Why be so conservative and self-imprisoned in life?

Those who obtain this divine omen, though no major obstacles, but in the short term also difficult to hope for major achievements. Shows signs of being trapped and difficult to meet noble patrons, must immediately cultivate goodness to move people's hearts. Later will definitely have noble patrons come to promote, turn disaster to fortune, better early than late, like fish out of water, cannot wait long. This omen has more misfortune than good fortune, currently not yet determined, entirely depends on human effort.

Fortune Forecast:

Success: Wealth difficult to obtain, travel return delayed, all plans and hopes cannot proceed, silkworms and livestock bring minimal profit.

Personal: Pregnancy without obstacles, marriage unsuitable, illness requires changing doctors, household peaceful, cultivate goodness and beauty.

Annual Fortune: Stable, difficult to achieve great things, planning development must wait for fortune to turn good before considering.

Career: Best to ride ox and lead horse, on one hand wait for opportunities, on the other hand do current work well.

Wealth: Legitimate wealth average, don't develop wishful thinking due to small windfalls.

Personal Well-being: Must overcome careless and complacent psychology.

Family: The omen suggests household peaceful, family should care for each other.

Romance: Must be active toward the opposite sex, though this year not suitable for marriage, but must lay foundation for future.

Relocation: When no immigration or moving fortune, also renovate current residence.

Reputation: Loss comes from yourself, not others burdening you.

Health: Illness troubling you, if not cured, must find doctors.

Friendship: The omen suggests expand social circles, make new friends.

Feng Shui: Average with nothing to gain.

Lost Items: Should use methods to search again.

Personal Fortune: Correcting mistakes brings normality.

Weather: Having opportunities brings good fortune.

Travel: Going also not satisfactory.",
73,Divine Omen No. 73,"Divine Omen No. 73: Sun Lin Achieves Top Scholar
Omen Fortune: Supreme Auspicious Omen

Divine Omen Poem:
Fragrant flowers lining the road accompany horse hooves,
Blue robe changed for brocade clothes returning.
Full street of beautiful women all competing to admire,
Raising heads to see fragrant name inscribed on Wild Goose Pagoda.

Historical Context:
The former blue-robed commoner's days of hard study under cold windows have become the past. Now wearing the top scholar's brocade robe and returning, beautiful girls all over the street use admiring gazes to look at this new noble person whose fragrant name is inscribed on the Wild Goose Pagoda.

Divine Fortune Interpretation:
Achieving jinshi and being appointed top scholar is called ""Wild Goose Pagoda inscription."" Wearing blue robe going and changing to brocade clothes returning, fragrant flowers lining the road accompany horse hooves, full street of beautiful women. Competing to see the top scholar coming, this is a matter of crowds cheering and rejoicing. Obtaining this divine omen brings good fortune in all matters, achieving long-held wishes, raising spirits and eyebrows, fame and profit achieved, has a very beautiful beginning.

This is a supreme auspicious omen of spring breeze satisfaction and returning in glory. The omen fully describes Sun Lin achieving top scholar's joy and celebration. The new top scholar rides a fine horse, fragrant flowers on both sides of the road seem to welcome in formation.

Fortune Forecast:

Success: Fame brings great nobility, wealth brings great profit, illness cured immediately, travel arrives immediately, pregnancy brings noble sons.

Personal: Household prosperous, has noble energy, silkworms bring profit, livestock also beautiful, all plans and hopes bring great joy.

Annual Fortune: Everything auspicious and satisfactory, heaven grants wishes, good things come together.

Career: Work has extremely delightful achievements, reaching higher levels.

Wealth: The omen suggests water flows naturally to channels, wealth flows in continuously.

Family: Household fortune prosperous, respecting elders adds more blessings, adding noble sons.

Romance: Among many pursuers, choose the most suitable, marrying this year is best.

Relocation: People go to higher places, has joy of moving to new home. Best choose high floors. Immigration also suitable.

Reputation: Fame and merit greatly displayed, gaining everyone's respect.

Health: This year no serious illness, but for future consideration, reduce wine, women, and social engagements.

Friendship: Friends suddenly increase, especially opposite sex friends.

Feng Shui: The omen suggests will definitely prosper in family, wealth, and nobility.

Lost Items: Will definitely be found when sought.

Personal Fortune: Peace brings prosperity.

Weather: Abundant harvest truly suitable.

Travel: Everything meets with satisfaction.",
74,Divine Omen No. 74,"Divine Omen No. 74: Zhu Maichen Separates from Wife
Omen Fortune: Very Inauspicious Omen

Divine Omen Poem:
Recalling those years of stagnant fortune,
Husband and wife turned against each other, separated.
After fame inscribed on Wild Goose Pagoda returning,
Water poured on ground, horse head, is it not sad?

Historical Context:
Zhu Maichen was a scholar of the Han Dynasty, originally a poor person. His wife didn't want to endure hunger with him for life and proposed divorce. Later, Zhu Maichen became a high official, and his wife requested reconciliation. Zhu Maichen poured a basin of water on the ground and said: ""If you can collect all this water back into the basin, we'll reconcile!"" This is the story of ""poured water difficult to collect.""

Divine Fortune Interpretation:
Recalling those years when my fortune was stagnant, husband and wife turned against each other, arguing for divorce. Now I return with fame inscribed on the Wild Goose Pagoda, but you want to restore old relations. Look, that basin of water I poured on the ground, is there any way to collect it? What a pity!

Those who obtain this omen must endure hardship in everything, will definitely have prosperous days in the future. If cannot establish firm will, when encountering unsatisfactory matters, immediately want to change, at that time will definitely regret mistakes difficult to reverse. Regarding this omen, has misfortune without good fortune, must know the right timing.

Fortune Forecast:

Success: Marriage unfavorable, wealth doesn't come, silkworms and livestock also bring joy, travel not returned, pregnancy has obstacles.

Personal: Household fortune stagnant, illness difficult to cure, all plans and hopes bring misfortune, many changes, urgently cultivate goodness, only then can proceed.

Annual Fortune: Weather unfavorable, everything requires long-term consideration.

Career: Don't seek quick success and immediate profit, accept reality, steady and sure.

Wealth: Seeking wealth very difficult, being able to maintain current environment is already fortunate.

Personal Well-being: The omen suggests to avoid regret must cultivate oneself, each has previous causes, don't envy others.

Family: Fortune stagnant, arguments between husband and wife, mother-in-law and daughter-in-law get worse, having a child can harmonize feelings.

Romance: Love sea easily raises waves, love has shipwreck crisis.

Relocation: Action not as good as stillness, maintain current environment well first.

Reputation: Don't rush to show off first, stabilize family environment first.

Health: Often have minor illnesses entangled, to avoid small matters becoming big, must maintain cheerful mood.

Friendship: In adversity, only then know true feelings difficult to find.

Feng Shui: This place has damage.

Lost Items: Even searching brings difficulty in recovery.

Personal Fortune: Cultivating goodness brings peace and health.

Weather: The omen suggests disaster fortune possible.

Travel: Has fortune but difficult to support.",
75,Divine Omen No. 75,"Divine Omen No. 75: Lun Wenxu Teases His Wife
Omen Fortune: Very Inauspicious Omen

Divine Omen Poem:
Marriage how can despise family poverty?
Lun Wenxu husband and wife separated.
Once topping the Dragon and Tiger List,
Teasing wife, building collapse, self perishes.

Historical Context:
This is another very inauspicious omen of ""poor couples have sorrow in all things."" Lun Wenxu was a poor scholar whose wife despised his poverty and remarried. When Lun Wenxu achieved top scholar, his wife was filled with regret and sorrow. After being teased by Lun Wenxu, she jumped from a building and died.

Divine Fortune Interpretation:
Look at the enlightenment this divine omen gives us. Marriage is a lifelong matter, how can one change heart due to temporary poverty? Lun Wenxu and his wife separated like this. Once the husband achieved fame on the golden list, then it was too late for regret.

This divine omen has dangers everywhere. First must endure poverty, second husband and wife separate, third when cannot see through, will have even greater misfortune. Everything must know one's place and maintain oneself, cannot have many thoughts and delusions. Endure hardship, then bitterness ends and sweetness comes. Disaster brings fortune, the world's flowers are nothing but the cycle of two characters. When misfortune reaches its extreme, good fortune must come. If not cultivating goodness but acting recklessly, when disaster strikes, regret too late.

Fortune Forecast:

Success: Wealth difficult to obtain, marriage cannot succeed, silkworms and livestock bring poor harvest, travel not arrived, pregnancy difficult to achieve.

Personal: All plans and hopes cannot proceed, illness difficult to cure, household not peaceful, continuously cultivate blessings to avoid disaster.

Annual Fortune: Originally not too bad, should maintain old ways, don't create unnecessary trouble.

Career: Current work, though has difficulties, but maintaining will see clouds part and moon bright.

Wealth: Wealth difficult to obtain, try to earn more money, spend less.

Personal Well-being: The omen suggests not greedy, not scheming, not aim too high, can maintain peace.

Family: Husband and wife must avoid arguments, family harmony brings prosperity in all things. Family decline brings continuous disaster.

Romance: Love faces severe tests, absolutely don't make choices based on the other's economic environment.

Relocation: This year not suitable to move, immigration requires considering if sacrifice too great, worth it or not.

Reputation: Do good deeds and cultivate goodness, be a nameless doer of good.

Health: Has stubborn illnesses, must find doctors for thorough examination, pregnancy requires caution.

Friendship: Best to maintain lukewarm temperature with opposite sex friends.

Feng Shui: The omen suggests much damage to family and wealth.

Lost Items: Difficult to recover original items.

Personal Fortune: Doing good can avoid disaster.

Weather: Always not meeting people's wishes.

Travel: Going brings no beauty.",
76,Divine Omen No. 76,"Divine Omen No. 76: Confucius Cultivates Himself Without Disliking Poverty
Omen Fortune: Neutral Omen

Divine Omen Poem:
People can find joy in the Way and cultivate themselves,
Simple water and crooked arm, how can dislike poverty?
Those who are rich and noble through unrighteousness,
In my heart, all are floating clouds.

Historical Context:
This is a portrayal of the Supreme Sage Confucius cultivating himself, finding joy in the Way, and being content with poverty. People are precious for being able to aspire to truth and justice, continuously seeking learning, cultivating their character. Even if the current environment is not good, simple tea and plain rice, even having to sleep with one's arm as pillow, we should not abandon ourselves.

Divine Fortune Interpretation:
For those who obtain wealth and nobility through unrighteous means, in my heart, they are only floating clouds. Those who obtain this divine omen, though may not have major fortune yet, but as long as they maintain principles, stand firm in their position, will definitely have the day of achieving success.

Those who obtain this divine omen must endure, accept hardship, cannot have disgust. And must joyfully do good deeds, cultivate themselves and accumulate virtue, must maintain themselves, not greedy, not scheming, must be able to be content with poverty and find joy in the Way. Always without resentment, will definitely have good prospects in the future, can be predicted, no need to worry or doubt.

Fortune Forecast:

Success: Fame and profit, don't be greedy, silkworms and livestock bring minimal profit, travelers not yet returned.

Personal: If marriage, not good match, pregnancy without obstacles, household average, all plans and hopes, vain discussion.

Annual Fortune: Everything stable, neither major danger nor major wealth.

Career: In plain work, best to continue studying.

Wealth: Understanding your recent fortune, you should accept everything calmly.

Personal Well-being: For future consideration, work hard to cultivate and do good deeds.

Family: Can overcome vanity, home will often have joy.

Romance: Not a suitable year for marriage, the other's sincerity still requires testing.

Relocation: Moving or immigrating abroad has little effect on opening fortune.

Reputation: Not greedy, not scheming, silently cultivate, will have unexpected harvests.

Health: When your body has minor problems, might as well eat more vegetarian food.

Friendship: Around you, have friends who can help and encourage each other.

Feng Shui: The omen suggests this place difficult to prosper in wealth.

Lost Items: Even searching brings difficulty in recovery.

Personal Fortune: Cultivating goodness brings peace.

Weather: Average, not very beautiful.

Travel: Plainness difficult to satisfy.",
77,Divine Omen No. 77,"Divine Omen No. 77: Gongye Chang Enters Prison
Omen Fortune: Neutral Omen

Divine Omen Poem:
Bird language can be understood by Gongye Chang,
South Mountain has a tiger dragging a sheep.
Though his body is in prison,
After all, not related to his own disaster.

Historical Context:
Gongye Chang was an ancient person who could understand bird language. One day, when his family was poor with no rice to cook, a bird flew to him and said: ""Chang, South Mountain has a tiger dragging a sheep. You eat the meat, I eat the intestines.""

Gongye Chang heard the news and went to South Mountain, indeed saw a sheep. He scared away the tiger, left the intestines for the bird to eat, and took the mutton home. Unexpectedly, someone was envious and falsely accused Gongye Chang of stealing the sheep. Though imprisoned, he was ultimately innocent. Later, that bird found a way to rescue him, and Gongye Chang escaped legal trouble.

Divine Fortune Interpretation:
Those who obtain this divine omen must be cautious in everything, cannot lightly believe others' words. Cannot meddle in others' affairs, can only maintain goodness in heart. Though have unexpected worries, suffer false accusations, cannot argue with others about right and wrong. Ultimately will have saviors, can turn misfortune to good fortune. This is an omen of difficult first then easy, must beware of petty people.

Though this omen has alarm without danger, but if lightly believe others' words, easily brings trouble upon oneself. When someone comes to rescue, already suffered immediate losses.

Fortune Forecast:

Success: Household fortune stagnant, many disputes, marriage incompatible, illness curable, silkworms and livestock bring minimal profit.

Personal: Pregnancy don't alarm, travel return delayed, seeking wealth difficult, don't act recklessly, all plans and hopes not very suitable.

Annual Fortune: The omen suggests many disputes, not a year for planning matters, everything should maintain old ways.

Career: Best not to partner with others in business, do your own job well, that's enough.

Wealth: Maintain your place, income relatively fixed, absolutely no windfall fortune.

Personal Well-being: May have minor legal trouble, beware of offending others, suffering retaliation.

Family: Family fortune stagnant, must have psychological preparation, family members must understand each other.

Romance: The omen suggests third party intervention, love faces tests.

Relocation: Immigrating abroad, situation worse than now.

Reputation: Clear people are naturally clear, no need to spend much effort defending and boasting for oneself.

Health: Minor illnesses not worth worrying about. But must pay attention to oral hygiene.

Friendship: Difficult to gain others' understanding, only use actions to explain everything.

Feng Shui: When fortune lost, don't act rashly.

Lost Items: Even searching brings no recovery.

Personal Fortune: Beware of illness and gossip.

Weather: Unexpected incidents bring no beauty.

Travel: More misfortune than good fortune.",
78,Divine Omen No. 78,"Divine Omen No. 78: Zeng Dian Discusses Ambitions
Omen Fortune: Very Auspicious Omen

Divine Omen Poem:
Se zither's clear sound still lingers,
Late spring time, spring clothes just completed.
Five or six adults, six or seven children,
Returning from rain dance, singing freely, expressing deep feelings.

Historical Context:
Zeng Dian was a native of the state of Lu during the Spring and Autumn period, not only quick in literary thinking and kind-hearted, but also accepting of circumstances, very understanding of doing appropriate things according to timing.

Divine Fortune Interpretation:
This divine omen shows Zeng Dian telling others his greatest wish: hoping harmonious qin sounds float everywhere, in late spring March, wearing newly sewn single clothes, bringing five or six young people and six or seven children, piously completing the rain-seeking sacrifice, on the way home, with peace of mind, freely singing and chanting.

Obtaining this divine omen, as long as heart is sincere and good, everything goes according to wishes, heaven grants wishes. Everything must maintain one's place, share goodness with others, then anytime anywhere can be carefree and happy.

Fortune Forecast:

Success: Wealth attainable, illness without worry, household peaceful and joyful, marriage attainable, silkworms and livestock bring much profit.

Personal: Travelers return immediately, pregnancy brings sons, all plans and hopes auspicious, freely plan.

Annual Fortune: All four seasons peaceful, especially late spring and early summer, fortune clearly improves.

Career: Might as well set goals higher and more distant, with favorable timing and human effort, everything can be accomplished.

Wealth: Easy to earn money, also easy to spend, but still has savings.

Personal Well-being: The omen suggests many noble patrons, petty people difficult to invade, share goodness with others.

Family: Household brings harmony and joy, younger generation has happy events, if pregnant can have sons.

Romance: Meeting optimistic and cheerful lovers, should actively propose marriage.

Relocation: Immigration choices, primary condition is climate similar to current residence.

Reputation: Good year for both fame and profit, do more good deeds.

Health: No worries, no illness, autumn and winter beware of colds.

Friendship: Will make new friends younger than you.

Feng Shui: The omen suggests will definitely prosper in family and wealth.

Lost Items: Will definitely recover original items.

Personal Fortune: Peace brings many noble patrons.

Weather: Everything meets people's wishes.

Travel: All journeys bring good fortune.",
79,Divine Omen No. 79,"Divine Omen No. 79: Zhang Liang Enlightens to the Way
Omen Fortune: Neutral Omen

Divine Omen Poem:
Wealth and nobility like spring dreams,
Why do people in the world struggle so hard to seek?
Let him hold court tablet standing in court,
At death only leaves a pile of earth?

Historical Context:
Zhang Liang's ancestors served as prime ministers of Han for five generations. Later, Qin destroyed Han, and Zhang Liang befriended assassins, attempting to assassinate the King of Qin at Bolang Water but failed. He fled to Jiangsu, met Master Huangshi, received the Grand Duke's military strategies, later assisted Liu Bang in establishing the Han Dynasty, and was granted the title of Marquis of Liu.

Divine Fortune Interpretation:
This divine omen shows Zhang Liang after being appointed prime minister and granted marquis title, realizing that life is like a dream, wealth and fame like passing clouds. Wealth and nobility are like spring dreams, why do people in the world struggle so hard to seek? Even if obtained, holding court tablet, standing before the Son of Heaven, when death comes, still only leaves a pile of yellow earth?

Those who obtain this divine omen must know their place and maintain themselves, absolutely don't develop greed and seek recklessly. Must also maintain good heart and accumulate virtue, fame lasting forever, preserved for ten thousand years, more practical. Absolutely cannot treat people with false hearts. This omen has no joy, also no harm, just average.

Fortune Forecast:

Success: Fame and profit, don't be greedy, illness and pregnancy require divine help, silkworms and livestock bring poor harvest.

Personal: Travel not arrived, marriage don't plan, household average, should cultivate virtue, all plans and hopes auspicious, wait for timing.

This omen advises people to know their place and maintain themselves, everything cannot be forced.

Annual Fortune: From brilliant to plain, when you discover no major breakthroughs, might as well enjoy the present.

Career: Has a feeling of stagnation, absolutely don't go against heaven's will and force.

Wealth: Wealth disperses, people peaceful, earn much, spend much.

Personal Well-being: Maintain your place, everything only seek peace of mind.

Family: Leave more time and effort for family, will feel life very comfortable.

Romance: Date casually, don't demand too much from the other.

Relocation: Moving has no novelty, planning immigration, flying back and forth also temporarily no direction.

Reputation: Don't give yourself any pressure, no official position, instead light and free.

Health: Be more optimistic, must learn self-comfort.

Friendship: Many friends want to help you, but hindered by heaven's will, cannot help.

Feng Shui: The omen suggests average with nothing to gain.

Lost Items: Even searching brings difficulty in recovery.

Personal Fortune: Know your place, don't labor.

Weather: The omen suggests plain with no joy.

Travel: Going brings labor without merit.",
80,Divine Omen No. 80,"Divine Omen No. 80: Yue Guang Dispels Doubts
Omen Fortune: Moderately Auspicious Omen

Divine Omen Poem:
Flying wine cups facing dance, when will it end?
Bow shadow across cup, mistaken for snake.
Guessing the mysterious secret in the poem,
Good fortune comes, misfortune ends, matters without error.

Historical Context:
This is the story of ""cup bow snake shadow."" One day Yue Guang invited people for dinner. Among the guests, one person was very suspicious, actually suspecting the bow shadow in the cup was a snake. After drinking, he returned home unhappy. Yue Guang learned of this and invited him back home, sitting in the original position, letting him understand clearly that the snake in the wine cup was actually just the shadow of a hanging bow and arrow. After dispelling doubts, this person felt at peace.

Divine Fortune Interpretation:
Drinking wine while appreciating song and dance, what a rare pleasure! Pointlessly mistaking the bow shadow in the cup for a snake, truly unjust! Understanding this principle is seeking good and avoiding evil.

Obtaining this divine omen must actively do good deeds, even if ashamed before people, also fearless before ghosts and spirits, then heart has control. When encountering difficult matters, also easy to handle, won't make mistakes like snakes falling into cups. This is an omen of decline reaching extreme then turning back, prosperity and development. Everything stable without obstacles.

Fortune Forecast:

Success: Wealth attainable, illness curable, livestock and silkworms bring minimal profit, pregnancy brings joy, travel gradually arrives.

Personal: Marriage compatible, requires caution, household peaceful, gradually becomes suitable, all plans and hopes also meet timing.

Annual Fortune: Bitterness first then sweetness, everything optimistic, good fortune will come early.

Career: Proceed according to your original plans, don't be influenced by others.

Wealth: Wealth fortune not bad, but must avoid spending money in vain.

Personal Well-being: Peaceful without incidents, don't let suspicious mind create dark ghosts, maintain good thoughts, can avoid disaster.

Family: Husband and wife must be honest with each other, absolutely don't suspect each other.

Romance: Between lovers, must eliminate third party interference, after rain clears and sky brightens, suitable for marriage.

Relocation: If want to move, decide early, after fortune turns good, not suitable to change.

Reputation: The omen suggests second half of year will bring greater harvests.

Health: Any discomfort, best find a proper doctor for examination.

Friendship: Friends get along harmoniously, among them one can especially help you.

Feng Shui: The omen suggests this place will prosper.

Lost Items: May be found when sought.

Personal Fortune: From bitterness comes sweetness.

Weather: Half worry half joy.

Travel: Ultimately brings no harm.",
81,Divine Omen No. 81,"Divine Omen No. 80: Yue Guang Dispels Doubts
Omen Fortune: Moderately Auspicious Omen

Divine Omen Poem:
Flying wine cups facing dance, when will it end?
Bow shadow across cup, mistaken for snake.
Guessing the mysterious secret in the poem,
Good fortune comes, misfortune ends, matters without error.

Historical Context:
This is the story of ""cup bow snake shadow."" One day Yue Guang invited people for dinner. Among the guests, one person was very suspicious, actually suspecting the bow shadow in the cup was a snake. After drinking, he returned home unhappy. Yue Guang learned of this and invited him back home, sitting in the original position, letting him understand clearly that the snake in the wine cup was actually just the shadow of a hanging bow and arrow. After dispelling doubts, this person felt at peace.

Divine Fortune Interpretation:
Drinking wine while appreciating song and dance, what a rare pleasure! Pointlessly mistaking the bow shadow in the cup for a snake, truly unjust! Understanding this principle is seeking good and avoiding evil.

Obtaining this divine omen must actively do good deeds, even if ashamed before people, also fearless before ghosts and spirits, then heart has control. When encountering difficult matters, also easy to handle, won't make mistakes like snakes falling into cups. This is an omen of decline reaching extreme then turning back, prosperity and development. Everything stable without obstacles.

Fortune Forecast:

Success: Wealth attainable, illness curable, livestock and silkworms bring minimal profit, pregnancy brings joy, travel gradually arrives.

Personal: Marriage compatible, requires caution, household peaceful, gradually becomes suitable, all plans and hopes also meet timing.

Annual Fortune: Bitterness first then sweetness, everything optimistic, good fortune will come early.

Career: Proceed according to your original plans, don't be influenced by others.

Wealth: Wealth fortune not bad, but must avoid spending money in vain.

Personal Well-being: Peaceful without incidents, don't let suspicious mind create dark ghosts, maintain good thoughts, can avoid disaster.

Family: Husband and wife must be honest with each other, absolutely don't suspect each other.

Romance: Between lovers, must eliminate third party interference, after rain clears and sky brightens, suitable for marriage.

Relocation: If want to move, decide early, after fortune turns good, not suitable to change.

Reputation: The omen suggests second half of year will bring greater harvests.

Health: Any discomfort, best find a proper doctor for examination.

Friendship: Friends get along harmoniously, among them one can especially help you.

Feng Shui: The omen suggests this place will prosper.

Lost Items: May be found when sought.

Personal Fortune: From bitterness comes sweetness.

Weather: Half worry half joy.

Travel: Ultimately brings no harm.",
82,Divine Omen No. 82,"第八十二靈籤：孔子擊磬
求籤吉凶：中平靈籤

算命籤詩：
聖人擊磬在于衛 誰料過門有荷簣
嗟嘆有心挽道窮 可憐日月今將逝

孔子擊磬的故事，告誡我們，要惜取少年時，應該做的，就要及時去做，否則老之將至，有心無力了。聖人孔子，在衛國擊磬的時候，門外有人擔著竹簣路過，在磬聲中，聽出孔子是有志做一番救世救民的事業心，可惜，時不我與，歲月就這樣逝去了。

黃大仙算命解籤詩：

求得此靈籤者，凡事以善良和順為貴，不要以為善事太小而不去做，也不要以為惡事太小而去做。做人，要把握今天珍惜今天。

凡事當以救人為己任，或出錢，或出力，有利益於人者便要做。幽則有神鑒賞，明則有人稱羡，何樂不為。若年紀老更要及早行善以救人，則必有貴人扶助。轉載自算命眼

此靈籤似有憂愁氣象，問事者亦平常，無礙平穩。但是非小人口舌，恐難避兔矣，宜慎防能避之者吉。

黃大仙算命解運勢：

行未歸，病癒遲，蚕與畜，得利微，欲求財，要待時
宅平常，婚不宜，問六甲，當禱祈，謀望者，宜慎之

流年：天時對自己不利，雖無大礙，但難成大事。

事業：腳踏實地盡快將手上的工作做好，勿作不著邊際構想。

財富：靈籤暗示微中取利，太大的投資，風險大，要審慎。

自身：如果人生如賭博，今年只有四成贏面。

家庭：家居平淡，敬重老人家，會添福。

姻緣：愛情一波三折，雙方都缺乏信心。

移居：要移民就趁早進行，禍福未知，要對自己的選擇負責。

名譽：難有揚名立功的機會。

健康：身上的病痛，恐怕還要延續一段日子，最好換一個醫生。

友誼：小人多，背後也有不少在非議您，但可以不理。

風水：靈籤暗示財滯多口舌。

遺失：尋靈籤暗示之亦難得。

自身：修善免是非。

天時：氣運不甚美。

出行：防小人口舌。",
83,Divine Omen No. 83,"Divine Omen No. 82: Confucius Strikes the Qing
Omen Fortune: Neutral Omen

Divine Omen Poem:
Sage strikes qing in Wei,
Who expected someone passing by with bamboo basket?
Sighing with heart to save the Way from poverty,
Pitiful that sun and moon now will pass.

Historical Context:
The story of Confucius striking the qing warns us to cherish youth, what should be done must be done in time, otherwise old age approaches, having heart but no strength. When the sage Confucius was striking the qing in Wei, someone outside was carrying a bamboo basket passing by. In the qing sound, they heard that Confucius had the ambition to do a career of saving the world and people. Sadly, time doesn't wait for me, years passed like this.

Divine Fortune Interpretation:
Those who obtain this divine omen must value kindness and harmony in everything, don't think good deeds are too small not to do, also don't think evil deeds are too small to do. Being human, must seize today and cherish today.

Everything should take saving people as one's duty, either spending money or effort, what benefits people must be done. In secret, gods will appreciate, in public, people will admire, why not do it? If old age, must do good deeds early to save people, then will definitely have noble patrons' help.

This omen seems to have sorrowful atmosphere, those asking about matters also average, no obstacles, stable. But petty people's gossip may be difficult to avoid, should be careful, those who can avoid it bring good fortune.

Fortune Forecast:

Success: Travel not returned, illness slow to cure, silkworms and livestock bring minimal profit, seeking wealth must wait for timing.

Personal: Household average, marriage unsuitable, pregnancy requires prayers, all plans and hopes require caution.

Annual Fortune: Weather unfavorable to oneself, though no major obstacles, but difficult to achieve great things.

Career: Work hard and quickly complete current work, don't make unrealistic plans.

Wealth: The omen suggests taking small profits, too large investments have high risks, must be cautious.

Personal Well-being: If life is like gambling, this year only has 40% chance of winning.

Family: Home life plain, respecting elderly brings blessings.

Romance: Love has many twists and turns, both sides lack confidence.

Relocation: If want to immigrate, do it early, fortune and misfortune unknown, must be responsible for own choices.

Reputation: Difficult to have opportunities for fame and merit.

Health: Illness and pain on body may continue for some time, best change doctors.

Friendship: Many petty people, behind also many criticizing you, but can ignore.

Feng Shui: The omen suggests wealth stagnant brings much gossip.

Lost Items: Searching also brings difficulty in recovery.

Personal Fortune: Cultivating goodness avoids disputes.

Weather: Fortune not very beautiful.

Travel: Beware of petty people's gossip.",
84,Divine Omen No. 84,"Divine Omen No. 84: Han Xin Abandons Chu for Han
Omen Fortune: Moderately Auspicious Omen

Divine Omen Poem:
Full of extraordinary talents, ambition not yet achieved,
Iron rooster difficult to lift, intention not tolerated.
Zhang Liang guides him to join Han,
Xiang Yu at Wu River, fate brings poverty.

Historical Context:
Han Xin was a general of the Han Dynasty who assisted Liu Bang in establishing the Han family's empire. Han Xin, guided by Zhang Liang, left the Chu overlord Xiang Yu and joined Liu Bang.

Divine Fortune Interpretation:
Han Xin, full of extraordinary talents, his soaring ambition not yet achieved. In the Chu king's army, he was once ordered by Xiang Yu to try lifting an iron-cast rooster but failed, damaging his self-esteem.

Later, fortunately guided by Zhang Liang, he joined Liu Bang, finally defeating Xiang Yu, making him commit suicide at Wu River, venting his grievance. Obtaining this divine omen, this year will have opportunities, should grasp them well, absolutely don't abandon yourself.

Those who obtain this divine omen cannot be impatient in doing things, temporarily maintain their place. Do good deeds and cultivate blessings, ultimately will have noble patrons promote, meeting of wind and clouds, glory and prosperity, raising spirits and eyebrows. In this life, when fortune not yet arrived, hide talents and wait for timing.

Fortune Forecast:

Success: Wealth attainable, illness curable, silkworms and livestock all profitable, household peaceful, travel gradually arrives.

Personal: Pregnancy also brings joy, all plans and hopes require careful consideration, have noble patrons, freely advance.

Annual Fortune: First half of year plain, second half has noble patrons' guidance, fortune improves.

Career: Heaven-given talents will definitely be useful, lifelong learning has opportunities to display talents in work.

Wealth: Legitimate wealth fortune not bad, also has windfalls, part-time income considerable.

Personal Well-being: When fortune not yet arrived, don't lose heart and ambition, being human must have beginning and end.

Family: The omen suggests household peaceful, children very obedient.

Romance: The other is discovering your talents and character, no need to boast.

Relocation: New environment definitely better than now, find ways to move or improve feng shui.

Reputation: Years of hard work, finally have the day to stand out.

Health: Do everything according to ability, don't overwork.

Friendship: New friends help you greatly without you knowing.

Feng Shui: The omen suggests this place will prosper naturally.

Lost Items: Using methods will bring recovery.

Personal Fortune: Glory and prosperity must wait for timing.

Weather: Difficult first then easy.

Travel: Unintentionally meet noble patrons.",
85,Divine Omen No. 85,"Divine Omen No. 85: Liu Xiang Achieves His Ambition
Omen Fortune: Very Auspicious Omen

Divine Omen Poem:
Taiyi burns reeds to illuminate reading,
Ten years under cold windows, hard work brings relief.
Raising eyebrows and spirits, wearing brocade robes,
Four-horse high carriage, crowds following the road.

Historical Context:
Liu Xiang was a Han imperial descendant who was imprisoned for remonstrating, but persisted in hard study in prison. Later he was rehabilitated and stood out. Taiyi is the most noble among heavenly gods.

Divine Fortune Interpretation:
The Taiyi immortal burns reeds as lamps to illuminate Liu Xiang, showing great noble patrons' help, favorable timing brings auspicious meaning, this is a very good divine omen. Those who obtain it, if can grasp good opportunities, the next few years will definitely have achievements.

The omen means the Taiyi immortal burns reeds as lamps, illuminating my reading. Ten years of hard work under cold windows finally brings relief. See me wearing brocade robes, raising eyebrows and spirits, riding in a high carriage pulled by four horses, with crowds following, how joyful.

Fortune Forecast:

Success: Fame can be achieved, wealth also attainable, travelers return, household auspicious, pregnancy brings noble sons.

Personal: Marriage suitable, illness gradually cured, silkworms and livestock bring great profit, all plans and hopes bring noble patrons.

Annual Fortune: Great prosperity, has signs of bitterness ending and sweetness coming, raising eyebrows and spirits.

Career: From now on, step by step to the clouds, gradually developing future great enterprises.

Wealth: Wealth fortune gradually entering good times, but not yet at peak, absolutely don't be too greedy.

Personal Well-being: Avoid pride and impatience, most importantly don't be unforgiving when in power.

Family: Very auspicious, bringing glory to the household, best to celebrate parents' major birthdays.

Romance: Best to marry this year, having children at year-end or becoming pregnant this year brings even better fortune.

Relocation: Can immigrate, but staying locally has more development opportunities.

Reputation: Fame achieved, most suitable to serve as community leader.

Health: Body turns from weak to strong, take opportunity to strengthen foundation.

Friendship: Among many friends, some sincerely care for you.

Feng Shui: The omen suggests this place will definitely prosper.

Lost Items: Will eventually be found when sought.

Personal Fortune: Peace and prosperity.

Weather: Abundant harvest brings great joy.

Travel: All journeys bring good fortune.",
86,Divine Omen No. 86,"Divine Omen No. 86: Kan's Mother Welcomes Guests
Omen Fortune: Neutral Omen

Divine Omen Poem:
Cutting hair to welcome guests, though poor,
Among the poor, who is the virtuous woman?
Ancient and modern, only Tao Kan's mother,
Therefore fame lasts for ten thousand generations.

Historical Context:
Tao Kan was a high official of the Jin Dynasty with both virtue and talent. Initially a county clerk, due to outstanding performance, he gradually rose through the ranks, becoming General of the West, Governor of Jing and Jiang provinces, commanding military forces of eight provinces. Served as official for forty years like one day, not greedy, not drinking, not gambling, never wasting a piece of paper or wood.

Divine Fortune Interpretation:
This omen tells the story of Tao Kan's youth when his family was poor, with no money to welcome guests. Tao's mother was very virtuous and resolutely cut off her long hair to sell. Such a virtuous woman, ancient and modern only has Tao's mother, worthy of ten thousand generations' admiration.

Obtaining this omen, one day may have good environment, but currently must find ways to maintain for a period. Everything must endure and wait for timing. Though extremely poor, if maintaining upright heart, ultimately will have benefits in the future. If currently difficult, absolutely cannot act recklessly.

Fortune Forecast:

Success: Marriage compatible, illness curable, pregnancy brings daughters, travelers return, silkworms and livestock all profitable.

Personal: Wealth attainable, household beautiful, fame and merit also attainable, all plans and hopes require good preparation.

Annual Fortune: Though not yet major fortune time, but everywhere shows signs of life and dawn.

Career: Success depends on human effort, in overcoming difficulties, you have confidence in the future.

Wealth: Legitimate wealth can accumulate through diligence and frugality. No windfalls or unexpected wealth.

Personal Well-being: Maintain upright heart, resist temptations, bitterness ends and sweetness comes.

Family: Home not uneasy due to environment, must thank hardworking women.

Romance: The omen suggests happy marriage, but don't cling to wealthy families.

Relocation: Family members going out to study or seek livelihood fits this omen.

Reputation: Examine every word and action, will win others' respect.

Health: No major obstacles, home has pregnant women, having daughters best.

Friendship: Maintain gentlemanly friendship with friends, don't make wine and meat friends.

Feng Shui: The omen suggests stable with no obstacles.

Lost Items: May be found when sought.

Personal Fortune: Bitterness ends and sweetness comes.

Weather: Plainness has true flavor.

Travel: Going also meets timing.",
87,Divine Omen No. 87,"Divine Omen No. 87: Lu Shilong Meets Guests
Omen Fortune: Neutral Omen

Divine Omen Poem:
Meeting at splendid seats, showing heroism,
After all, who maintains great justice?
One says Xun Minghe under the sun,
One says Lu Shilong among the clouds.

Historical Context:
Xun Minghe and Lu Shilong were both accomplished scholars of the Western Jin Dynasty, each with their own ambitions and works. One day, the two heroes met, sat together, each expressing their views, debating eloquently, unable to determine who was superior.

Divine Fortune Interpretation:
This divine omen shows signs of gossip and disputes. Everything must avoid talking more than tea. The omen means: In the meeting, each showing heroism, after all, whose view is most correct? Difficult to determine.

Some say: Xun Minghe has reason, others say Lu Shilong won the debate. Though no major harm, but arguing with others wastes time, loses matters, damages feelings.

Obtaining this divine omen cannot randomly listen to others' words, and cannot argue with others, then misfortune can turn to good fortune. Peaceful without incidents, this omen neither inauspicious nor auspicious, stable and steady, but must beware of gossip and disputes, all speech must be cautious.

Fortune Forecast:

Success: Household matters, beware of disputes, silkworms and livestock bring minimal profit, wealth difficult to obtain, travel not arrived.

Personal: Pregnancy without obstacles, illness curable, marriage requires other discussion, all plans and hopes not very suitable.

Annual Fortune: In stability, often has countercurrents, don't compete with them, avoiding brings good fortune.

Career: Work has ups and downs, must learn to handle gossip and rumors.

Wealth: Seeking wealth difficult, understand that harmony brings wealth, income will improve.

Personal Well-being: Gossip and disputes, strictly avoid.

Family: Family harmony brings prosperity in all things, don't be influenced by outsiders' provocation and division.

Romance: First must mutually accommodate and adapt, only then have opportunity to unite.

Relocation: The omen suggests unfavorable for immigration and moving.

Reputation: Humble effort gains respect, humble speech gains hatred.

Health: Speaking less nurtures qi, clear heart and bright mind, this is the way of health.

Friendship: Years of friendship may end due to disagreement.

Feng Shui: The omen suggests must carefully examine and choose.

Lost Items: Random searching brings no recovery.

Personal Fortune: Beware of petty people's gossip.

Weather: Circumstances require vigilance and avoidance.

Travel: Fear of provoking disputes.",
88,Divine Omen No. 88,"Divine Omen No. 88: Hua Mulan Joins the Army
Omen Fortune: Moderately Auspicious Omen

Divine Omen Poem:
Replacing father in army, bold and heroic,
How many can match this woman's courage?
Using body to serve country, loyal and filial,
Laughing at all the ministers of that time.

Historical Context:
Hua Mulan was an extraordinary woman of ancient times who became a heroine by joining the army in her father's place.

Divine Fortune Interpretation:
Obtaining this divine omen, one can understand two principles: first is fulfilling filial piety, second is fulfilling loyalty. Replacing father in army, courage surpassing others, how many women can have men's bravery in the world? Using body to serve country, both loyal and filial, many great men of that time sighed they couldn't match her!

Everything with loyal and filial heart will definitely turn misfortune to good fortune. No matter what difficulties and obstacles, can all safely pass through. This omen suggests that persisting with effort will ultimately stand out. Immediately advance bravely, not avoiding hardship. What others find difficult to achieve, oneself strives with all heart and effort. With this spirit, everything brings good fortune.

Fortune Forecast:

Success: Wealth attainable, illness curable, pregnancy brings daughters, travel gradually returns, marriage compatible.

Personal: Household peaceful, better than before, silkworms and livestock also profitable, all plans and hopes suitable for implementation.

Annual Fortune: Fortune gradually becomes clear, shows signs of bitterness ending and sweetness coming.

Career: Can inherit father's business and develop it further, will gain superior's appreciation.

Wealth: Every penny comes from hard work, don't hope for windfalls.

Personal Well-being: Establishing good heart, advantageous everywhere.

Family: Family harmony promotes fortune opening, should respect parents.

Romance: The omen suggests good destiny, marriage can choose after autumn.

Relocation: Immigration best develop toward north, moving should live with elderly.

Reputation: In bravery, establish new image, fame and merit revealed.

Health: Active exercise can change character.

Friendship: Friendship built in adversity, this year can share results.

Feng Shui: This place has something to gain.

Lost Items: Searching with effort will definitely bring recovery.

Personal Fortune: Righteousness brings good name.

Weather: Bitterness has sweet flavor.

Travel: Going brings no obstacles.",
89,Divine Omen No. 89,"Divine Omen No. 89: Wu Jizi Hangs His Sword
Omen Fortune: Very Inauspicious Omen

Divine Omen Poem:
Far in foreign lands, wearing fish-gut sword,
Who expected Lord Xu's desire to have it?
Returning willing to give as gift,
Hanging under tree to express deep feelings.

Historical Context:
Wu Jizi was the youngest son of King Shoumeng of Wu, intelligent and learned. King Wu planned to abolish the elder and establish the younger, passing the throne to him, but he firmly refused. Later he traveled among various states, famous for his extensive knowledge.

When Wu Jizi traveled to the state of Xu, Lord Xu greatly liked Jizi's fish-gut sword. Jizi promised him that after traveling, he would give the precious sword to him. Unexpectedly, when he returned, Lord Xu had already passed away. Jizi could only hang the fish-gut sword under the big tree in front of Lord Xu's grave to express his deep feelings and sorrow.

Divine Fortune Interpretation:
This divine omen is very inauspicious. Those who obtain it must be careful to avoid, everything must be cautious, cannot act recklessly. If using this omen to ask about oneself, within this year temporarily don't visit the sick or attend funerals.

Those who obtain this divine omen must do everything cautiously, absolutely cannot be arbitrary. If asking about oneself, visiting funerals and asking about illness are not suitable, to avoid contracting illness, should do good deeds at community altars.

Fortune Forecast:

Success: Illness difficult to cure, people have danger, travel doesn't return, marriage has changes, household not peaceful, each cultivate goodness.

Personal: All plans and hopes bring no results, silkworms and livestock bring small income, forcing wealth brings extreme poverty.

Annual Fortune: Unfavorable, has risks, beware of loss of people and wealth.

Career: Don't consider new development, only suitable to maintain current work.

Wealth: Being able to maintain current economic situation is already fortunate.

Personal Well-being: Fortune too poor, everything difficult, don't be lazy.

Family: Each should examine own words and actions, care more for elderly at home.

Romance: Married or unmarried, must timely repair emotional fences.

Relocation: Immigration or moving, must budget for economic losses.

Reputation: Cultivate goodness, keep promises, whether famous or not, don't calculate.

Health: Constitution weak, prone to insomnia and dreams. Pay attention to stomach and intestines conditioning.

Friendship: Choose friends carefully, avoid being burdened by harmful friends.

Feng Shui: The omen suggests this place damages family and wealth.

Lost Items: Searching also wastes effort.

Personal Fortune: Stagnant fortune brings extreme hardship.

Weather: Labor brings no benefits.

Travel: Emphasize righteousness not wealth.",
90,Divine Omen No. 90,"Divine Omen No. 90: Red Whisk Woman Elopes
Omen Fortune: Neutral Omen

Divine Omen Poem:
Carefully arranging remaining makeup, night about to elope,
Among the guests, who is Li Jing?
Who knew the bearded guest's feelings were focused,
Drawing sword three times, not daring to act.

Historical Context:
The Yang family's singing girl Red Whisk Woman had feelings for Li Jing. The two were preparing to elope in the middle of the night, but the bearded guest appeared at this time. The bearded guest and Red Whisk Woman called each other brother and sister.

In conversation, Li Jing misunderstood that the bearded guest was flirting with her, obstructing their elopement. Three times he drew his sword to kill the bearded guest, but was stopped by Red Whisk Woman each time. When they understood each other's intentions, with the bearded guest's help, the three escaped from the Yang family together, becoming the three heroes of the martial world, roaming the rivers and lakes together.

Divine Fortune Interpretation:
The subtle relationship between Red Whisk Woman, Li Jing, and the bearded guest, through this omen reminds us that everything must be patient and yielding, cannot act rashly.

Those who obtain this divine omen must endure and yield to others in everything, only then can turn misfortune to good fortune. Regarding this omen, neither auspicious nor inauspicious, but no major obstacles, just plain.

Fortune Forecast:

Success: Wealth difficult to obtain, illness curable, silkworms and livestock bring minimal profit, pregnancy brings alarm, travel return delayed.

Personal: Household average, marriage unsuitable, all plans and hopes cannot proceed, fame and merit must wait for timing.

Annual Fortune: In plainness often has small joys, but major fortune not yet time.

Career: Suitable to cooperate with others, joint investment and starting business also no problem.

Wealth: No major wealth fortune, absolutely avoid financial disputes with others, distinguish public and private clearly.

Personal Well-being: Absolutely don't decide advance or retreat due to momentary impulse.

Family: Situation ordinary, relatives must not suspect each other.

Romance: The omen suggests third party intervention, you may encounter competitors.

Relocation: Lacks long-term planning for moving, not admirable.

Reputation: Avoid romantic scandals, otherwise personal ruin.

Health: When mentally tired, must exercise more, if even exercise unwilling to do, must see doctors.

Friendship: Has opposite sex noble patrons helping, but absolutely don't develop feelings with them.

Feng Shui: The omen suggests plain with nothing to gain.

Lost Items: Even searching brings difficulty in recovery.

Personal Fortune: Cultivating goodness protects peace.

Weather: Joy has flaws.

Travel: When wealth comes, don't meet.",
91,Divine Omen No. 91,"Divine Omen No. 91: Chang'e in the Moon
Omen Fortune: Supreme Auspicious Omen

Divine Omen Poem:
Toad palace moon hall, pillars wafting fragrance,
Jade box round and full, ten thousand miles of light.
Six waters and three mountains return to mirror,
Flawless piece hanging in the vast blue sky.

Historical Context:
Chang'e was Hou Yi's wife who, after taking the elixir, flew up to heaven and became the moon fairy.

Divine Fortune Interpretation:
This omen describes Chang'e's carefree immortal life in the moon palace. In the toad palace moon hall, osmanthus flowers often waft fragrance. A round moon like a jade box illuminates ten thousand miles with silver light.

The six waters and three mountains of the human world are all revealed under the moonlight, a flawless piece of holiness hanging high in the blue sky. Obtaining this supreme omen brings nobility and sacredness, everything perfect, bright future.

Fortune Forecast:

Success: Illness cured immediately, travelers return, silkworms and livestock bring great profit, pregnancy brings noble sons.

Personal: Household prosperous, seeking wealth, marriage compatible, harmonious following, all plans and hopes without obstacles.

Annual Fortune: Fortune clearly improves compared to any time in the past.

Career: Your originally conservative plans will have unexpected breakthroughs.

Wealth: Many wealth sources, wide wealth paths, wealth comes naturally.

Personal Well-being: Peaceful, often has delightful pleasures.

Family: Family fortune flourishing, especially prosperous for women.

Romance: Men pursuing women need more effort. Women pursuing men more smoothly. Marriage matters suitable after autumn.

Relocation: Whether immigration or moving, all four directions suitable.

Reputation: Must eliminate high and mighty attitude, get closer to subordinates.

Health: Light diet makes you light in body, active in mind, beautiful in appearance.

Friendship: When you contact higher-level social circles, don't forget old friends from adversity.

Feng Shui: The omen suggests prospering in family, nobility, and wealth.

Lost Items: Will find original items when searching.

Personal Fortune: Peace and smoothness.

Weather: Everything meets people's wishes.

Travel: Outside also brings joy.",
92,Divine Omen No. 92,"Divine Omen No. 92: Confucius Hears the Shao Music
Omen Fortune: Auspicious Omen

Divine Omen Poem:
The Supreme Sage traveled through various states,
In Qi he heard the Shao music performed.
For three months he knew not the taste of fine meat,
Excellent! The great way can achieve success.

Historical Context:
The Supreme Sage Confucius heard the Shao music in the state of Qi, which so enchanted his mind that for three months, he didn't know the taste of meat at every meal, completely focused on studying the composition of the Shao music. So-called ""forgetting to eat and sleep,"" he finally achieved great success.

Divine Fortune Interpretation:
The meaning of this divine omen is simple and easy to understand, but the principles within require those who obtain this omen to slowly comprehend. Generally auspicious without misfortune, but the degree of auspiciousness is closely related to personal effort. If you know there's a big golden orange ahead but are too lazy to pick it, then it's like entering a treasure mountain empty-handed.

Everything that can be done with focus will surely succeed. Work requires perseverance and determination, don't be distracted by external things, then naturally there will be auspiciousness without misfortune, everything smooth.

Fortune Forecast:

Success: Marriage compatible, illness curable, wealth also exists, travel gradually arrives, livestock and silkworms all bring profit.

Personal: Pregnancy without alarm, household peaceful, all plans and hopes bring successful progress.

Annual Fortune: Possesses all conditions for flourishing, timing and location already exist, just waiting for people to work hard.

Career: Suitable to develop new business, can also take advantage of spring to change work environment.

Wealth: Has wealth, but wealth comes slowly, don't do short-term investment speculation.

Personal Well-being: Stable and steady, no petty people, noble patrons also don't directly help you, must rely on yourself.

Family: Often has happy events. Should gather more with family and friends at home.

Romance: After experiencing considerable time of understanding, this is the year for union.

Relocation: The omen suggests immigration fortune quite strong, can proceed actively.

Reputation: People don't respect your fame and wealth, but admire your talent.

Health: Must pay attention to arrangement of work and rest time, beware of digestive tract problems.

Friendship: Has like-minded friends accompanying.

Feng Shui: The omen suggests can prosper in family and wealth.

Lost Items: Will also find when searching.

Personal Fortune: Must regulate properly.

Weather: Wind and rain meet people's wishes.

Travel: Going also brings great benefit.",
93,Divine Omen No. 93,"Divine Omen No. 93: Confucius Hears the Wei Music
Omen Fortune: Very Inauspicious Omen

Divine Omen Poem:
The music of Zheng and Wei cannot bear to hear,
Lewd customs corrupt morals, the state will fall.
Leading people deep into the maze of confusion,
All that is played is not ancient music sound.

Historical Context:
The music of the states of Zheng and Wei deviated from the right path, was decadent and weak, with unhealthy themes. By today's standards, it was vulgar and obscene. Confucius heard it and severely criticized it. Later, Zheng and Wei finally perished due to cultural degeneration. This music could also be considered the music of a perishing state.

Divine Fortune Interpretation:
The omen says: The music of Zheng and Wei is truly unpleasant to hear! It both teaches lewdness and corrupts morals, and will eventually cause the state to fall. Because what it plays is not proper music, listening too much will erode ambition and lead people astray. Obtaining this omen brings vigilance and can help avoid misfortune.

Those who obtain this divine omen should be cautious in everything, choose good and act accordingly. All sensual pleasures, wealth, and profit that don't conform to righteousness must not be coveted, or it will lead to family ruin and personal destruction. Must beware of petty people spreading rumors, carefully don't trust others' words.

Fortune Forecast:

Success: Wealth difficult to seek, illness slow to cure, travelers blocked, marriage unsuitable, silkworms and livestock also bring no profit.

Personal: All plans and hopes cannot be done, pregnancy brings alarm, should pray, household not auspicious, should be careful.

Annual Fortune: External environment not very good, must be careful in everything, careful sailing lasts ten thousand years.

Career: Work, business, and studies must follow rules and regulations, cannot seek speed.

Wealth: Regular wealth roughly unchanged from last year, absolutely avoid gambling and greed.

Personal Well-being: Must grasp your own principles, don't be swayed by petty people's instigation and temptation.

Family: Stay away from gossipy women, beware of young generation going astray. Must care for them.

Romance: The omen suggests choosing partners, should prefer diligent, practical, and kind ones.

Relocation: Whether the purpose of going abroad is immigration or travel, must avoid alcohol and sensuality.

Reputation: In ordinariness, you will feel a sense of security.

Health: If you use the time spent listening to music and watching TV to play ball or jog, tomorrow will be better.

Friendship: The omen suggests beware of sweet-talking and smooth-talking members of the opposite sex.

Feng Shui: This place damages family and wealth.

Lost Items: Even searching cannot find.

Personal Fortune: Has obstacles and unease.

Weather: The world is never beautiful.

Travel: Decay and corruption difficult to support.",
94,Divine Omen No. 94,"Divine Omen No. 94: The Bearded Lord Goes Far to Fusang
Omen Fortune: Neutral Omen

Divine Omen Poem:
One den cannot accommodate two tiger cubs,
Riding the wind to separate peaks, each finds its dwelling.
Famous mountains guard their own as lairs,
Can avoid injury and regret too late.

Historical Context:
The Bearded Lord was a worldly-wise man who saw through everything. Originally he also liked the Red Whisk Woman, but instead formed a brother-sister relationship with her, giving the opportunity to Li Jing. The three acted as righteous knights, together opposing the tyrannical Sui dynasty.

Later, when the Three Knights of the Wind and Dust met Li Shimin, the Bearded Lord saw through the heavenly secrets, saying this person was the true Son of Heaven. One mountain cannot hide two tigers, so he bid farewell to Li Jing and the Red Whisk Woman, and alone took a boat to the angry sea, going far to the land of Fusang, becoming a mountain stronghold king.

Divine Fortune Interpretation:
As the saying goes, one mountain cannot hide two tigers. It's better to know the right moment and seek another mountain peak to dwell, each having their own environment. This can avoid the fate of two tigers fighting where one must be injured. Everything must know the right moment, retreat in advance, cannot force things.

Obtaining this divine omen means two people's plans will not succeed, or even if they succeed, it's difficult to maintain long-term harmony and cooperation. Must also assess the current situation before proceeding. Like tigers waiting for wind, then can separate and dwell elsewhere, thus avoiding mutual injury. This omen has misfortune that seems to contain auspiciousness. If able to endure and yield to others, can turn disaster into fortune, must know this.

Fortune Forecast:

Success: Silkworms and livestock, be careful and good, illness and pregnancy, fear injury, household has obstacles, accumulate goodness for prosperity.

Personal: Wealth difficult to obtain, marriage unclear, travelers delayed, not returned home, all plans and hopes, wasted discussion.

Annual Fortune: Though not very good, but knowing the right moment can go against the current.

Career: Don't just bury your head in hard work, pay more attention to the outside world, seek breakthroughs, find new developments elsewhere.

Wealth: The omen suggests first lose a little wealth, then improve income.

Personal Well-being: Absolutely avoid litigation, stay away from petty people, must try to protect yourself.

Family: Absolutely cannot allow third parties to interfere, otherwise no happiness to speak of.

Romance: Love has obstacles, rather retreat than compete for attention and become jealous.

Relocation: When you discover the current environment is unhappy, should immediately consider moving.

Reputation: Don't act the hero, keep the green mountain, don't fear no firewood.

Health: Worry can harm people, must change the melancholic and sensitive style.

Friendship: More tolerance, mutual respect, share with each other.

Feng Shui: The omen suggests if there's land, must move elsewhere.

Lost Items: Searching may be difficult to find.

Personal Fortune: Fear petty people's gossip.

Weather: Wind and rain not suitable.

Travel: Harmful, must avoid.",
95,Divine Omen No. 95,"Divine Omen No. 95: Nuwa Refines Stones to Mend the Sky
Omen Fortune: Neutral Omen

Divine Omen Poem:
Diligent work, one basket can build a mountain,
From little to much, don't fear trouble.
Work fearing hardship now you draw,
Mending sky with refined stones also not difficult.

Historical Context:
In ancient times, the blue sky had a big hole. Nuwa didn't shirk from hard work, refined stones into paste to mend the sky. After enduring all hardships, she finally succeeded.

Divine Fortune Interpretation:
This divine omen has the meaning of encouraging people to use diligence to make up for shortcomings: Don't look down on this handful of soil, piled together, can become a mountain.

Everything goes from little to much, don't fear trouble. Work fearing hardship will make you achieve nothing. Look at Nuwa's example of refining stones to mend the sky, what difficulty is there to speak of? Obtaining this omen should work diligently in stability, create the future.

Obtaining this divine omen means everything must not shirk from hard work, work diligently and earnestly, will surely succeed in the end. At that time, one effort brings eternal ease, bitterness ends and sweetness comes. This is a stable divine omen, no need to worry or doubt.

Fortune Forecast:

Success: Household average, accumulate goodness for prosperity, illness curable, pregnancy pray for blessings, silkworms and livestock also no harm.

Personal: Travel not yet arrived, marriage not good, wealth seekers also average, all plans and hopes, must rely on oneself.

Annual Fortune: May have one major change, as long as work diligently, can safely pass through.

Career: Planning meets many obstacles, but cannot change original plans halfway.

Wealth: Don't touch quick-profit industries, must be frugal and save.

Personal Well-being: Choose good and persist, follow your own way, this is the basic law of self-protection.

Family: The omen suggests diligence makes up for shortcomings, frugality nurtures integrity, days pass elegantly and peacefully.

Romance: The path of love still has a longer stretch ahead, must consider the other's feelings.

Relocation: Can consider, but pioneering new environment is more arduous.

Reputation: You will proudly look down on peers with the image of practical work and few words.

Health: Do more physical labor, regular activity in spare time, beneficial for body and mind.

Friendship: Must stay away from false friends who offer words but no substance.

Feng Shui: The omen suggests if no prosperity, must seek elsewhere.

Lost Items: Must use effort to find.

Personal Fortune: Take care and be peaceful.

Weather: Hard work brings small profit.

Travel: Diligence and hardship bring success.",
96,Divine Omen No. 96,"Divine Omen No. 96: Wenji Longs for Han
Omen Fortune: Neutral Omen

Divine Omen Poem:
Qiang flute frequently blowing, melody more sorrowful,
In foreign land as guest, touching return date.
Southern lone geese seem to pity me,
Please send home letters to convey knowledge.

Historical Context:
Cai Wenji was a person of the Eastern Han dynasty, captured by Xiongnu rebel soldiers, married to the Left Virtuous King, and only returned to Han after twelve years.

Divine Fortune Interpretation:
If obtained in spring and summer, then quickly seek good and avoid misfortune. The Qiang flute frequently blows beyond the frontier, the melody more sorrowful. It makes the wanderer in foreign lands realize the return home date is far away. This is a desolate artistic conception. Those who obtain this divine omen in autumn and winter must be especially careful.

The southern lone geese, if they pity me, please often help me send home letters to relatives in my hometown.

In this environment, first must treasure oneself, preserve strength, wait for the day fortune turns. Obtaining this divine omen means everything should be cautious, autumn requires more attention, should make offerings to the Heavenly Queen for blessings.

Fortune Forecast:

Success: Travel not yet arrived, illness slow to cure, household fortune stagnant, marriage unsuitable, silkworms and livestock bring little profit.

Personal: Pregnancy has obstacles, wealth not yet arrived, all plans and hopes, must wait for timing, everything done, many delays.

Annual Fortune: Many obstacles, rather than take risks, better to defend and wait for change.

Career: Don't invest randomly, otherwise sink deeper into mud, when will you see your hometown again?

Wealth: Wealth fortune not flowing, working for others better than being a boss.

Personal Well-being: Heart often has things to worry about, should self-comfort, look further ahead.

Family: Family has separation signs, absolutely don't argue, to avoid worse family fortune.

Romance: Love faces tests, temporarily unsuitable to consider marriage.

Relocation: If moving, going southeast better than northwest.

Reputation: Difficult to have fame opportunities, better to do current work solidly.

Health: After autumn body prone to problems, pay attention to heart, lungs, and trachea.

Friendship: Few friends around, but more opportunities to communicate with distant relatives and friends.

Feng Shui: The omen suggests both family and wealth are stagnant.

Lost Items: Even searching difficult to find.

Personal Fortune: Has obstacles and unease.

Weather: Wind and rain not as wished.

Travel: Labor in vain, no achievement.",
97,Divine Omen No. 97,"Divine Omen No. 97: Kangshun Fishing
Omen Fortune: Neutral Omen

Divine Omen Poem:
Leaning on railings, evening view from southern tower,
Full view of scenery, beautiful and elegant.
A small boat frequently casts bait,
Fisherman fishing, has fish or not?

Historical Context:
Kangshun was an ancient hermit. Leaning on the southern tower's railings, with a full view of beautiful and elegant scenery. On the water surface, there was a small boat, only seeing Kangshun dressed as a fisherman, frequently casting his line. As for whether there were fish catches, that remains unknown.

Divine Fortune Interpretation:
Though this divine omen has no danger, it only has good times and beautiful scenery, fishing without proper method, whether there are harvests is still an unknown number.

Obtaining this divine omen must look at your own age. For the elderly, just leisurely pass the days, but seek peace of mind. For the young, then must properly grasp the timing.

Fortune Forecast:

Success: Wealth difficult to obtain, illness slow to cure, livestock and silkworms bring minimal profit, all plans and hopes, should be careful.

Personal: Pregnancy without obstacles, travel not yet arrived, marriage matters, choose alternatives, household average, accumulate goodness for prosperity.

Annual Fortune: Stable with some opportunities, especially in spring and autumn.

Career: Completely rely on yourself, can muddle through another year, or can try to strive for more.

Wealth: Large wealth difficult to seek, but small wealth through proper means often has opportunities.

Personal Well-being: The omen suggests generally peaceful, must take good care of yourself.

Family: Warm and harmonious, family doesn't give you pressure, but you must cherish family members.

Romance: Small friction between spouses doesn't harm feelings, but arguments between lovers lead to separation.

Relocation: Change to new environment, live more comfortably. New home should face south.

Reputation: Don't expect any floating fame, don't compete with others.

Health: Minor illnesses like colds, allergies, etc., often recur.

Friendship: Make some leisurely friends, they will dilute your career ambition.

Feng Shui: The omen suggests this place has nothing to gain.

Lost Items: Searching brings no results.

Personal Fortune: Hard work brings no peace.

Weather: Diligence and hardship not as wished.

Travel: Bitterness has astringent taste.",
98,Divine Omen No. 98,"Divine Omen No. 98: Guan and Bao Share Gold
Omen Fortune: Neutral Omen

Divine Omen Poem:
Entering mountains to plant jade, dislike narrow fields,
Digging earth to seek gold, weary of many guests.
Wealth and poverty are heaven's decree,
Why do mortals toil and rush about?

Historical Context:
During the Spring and Autumn period, the state of Qi had two friends in adversity, they were Guan Zhong and Bao Shuya. Even in poverty, they regarded money as dirt. Later generations used ""Guan-Bao friendship"" to praise true friends.

Divine Fortune Interpretation:
This divine omen uses Guan and Bao sharing gold to advise people not to forget righteousness for profit. The omen says: Selfish people enter mountains to gather jade, yet dislike their narrow fields, dig earth to seek gold, yet weary of many gold-seekers who will dilute their share.

We should learn from Master Guan and Master Bao, understand that wealth and poverty are determined by heaven from the beginning, why do mortals toil for money? Obtaining this omen must uphold righteousness and cultivate good fruits, don't become a slave to money.

Everything should be done with effort, cultivate good fruits and plant fortune foundation, naturally can obtain blessings, no need to force. So-called ""no need to deliberately seek good scenery, naturally have wonderful encounters in early spring.""

Fortune Forecast:

Success: Livestock and silkworms bring minimal profit, pregnancy without alarm, travel delayed return, household stable, marriage unsuitable.

Personal: Wealth difficult to obtain, illness curable, all plans and hopes, wishes difficult to fulfill, labor brings no benefit, end early.

Annual Fortune: For the contented, this year brings leisure and peace; for the discontented, what benefit from forcing things?

Career: Stable, everything done with effort, don't be too calculating about gains and losses.

Wealth: Don't be too deliberate in pursuing money, this year's wealth fortune is continuation of last year, little change.

Personal Well-being: The omen suggests don't be too calculating, make big things small, small things nothing.

Family: When there are no interest conflicts, will be more harmonious.

Romance: May discover the other is not very suitable for you, don't rush, spend more time adapting.

Relocation: Coming and going, wastes time and causes trouble, stay in old environment for now.

Reputation: Do more public good, don't seek fame and reputation.

Health: See through everything, body peaceful.

Friendship: Have good friends to share joy and sorrow with you.

Feng Shui: The omen suggests wanting to prosper in family and wealth is difficult.

Lost Items: Searching may waste effort.

Personal Fortune: Contentment brings no worries.

Weather: Gains and losses have heaven's will.

Travel: Hard work brings no benefit.",
99,Divine Omen No. 99,"Divine Omen No. 99: Han Wengong Meets Disaster
Omen Fortune: Neutral Omen

Divine Omen Poem:
Snow blocks bridge head, horse cannot advance,
Wind fierce, fisherman don't open boat.
Water flows, flowers fall, who pities people?
Early establish firm heart, will not deviate.

Historical Context:
Han Xiangzi, one of the Eight Immortals, was Han Yu's grandnephew. He once used magic in early winter to make peonies bloom, and each flower had a character. Combined, they read ""Clouds cross Qin Ridge, where is home? Snow blocks Lan Pass, horse cannot advance."" Han Yu didn't understand the meaning.

Soon after, because he advised against welcoming the Buddha's bone, he angered the emperor and was demoted to Chaozhou prefect. On the journey, he encountered wind and snow, horses couldn't advance, boatmen also wouldn't sail. Later, Han Xiangzi came to see him off, and Han Yu finally understood Han Xiangzi's prophecy.

Divine Fortune Interpretation:
This omen has the meaning of sighing at poor fortune, falling flowers and flowing water, who sympathizes? Only rely on oneself to establish firm determination. Later, Han Yu achieved great political achievements in Chaozhou and was posthumously titled Wengong.

Obtaining this divine omen means everything must be cautious, should especially beware of petty people's gossip and rumors. This omen though has no major obstacles, also no joy, being cautious can only bring stability.

Fortune Forecast:

Success: Travel not yet arrived, illness careful with medicine, wealth difficult to obtain, marriage unsuitable, all plans and hopes, must wait for timing.

Personal: Pregnancy without obstacles, fame also delayed, silkworms and livestock bring little profit, household average, form good connections.

Annual Fortune: Spring, summer, and autumn should be stable, winter must beware of fortune suddenly turning worse.

Career: Work must be careful, cannot offend superiors and colleagues.

Wealth: Wealth fortune poor, investment must be careful, after autumn must know when to stop.

Personal Well-being: The omen suggests many petty people, avoid talking too much, beware of legal trouble.

Family: Spouses have small friction, but no harm, must be filial to elders.

Romance: Feelings have obstacles, marriage matters consider after winter.

Relocation: Moving north more suitable, moving south has greater difficulties.

Reputation: Easily misunderstood, work must have beginning and end, use facts to explain everything.

Health: Even minor illness should quickly see doctor, must have physical strength to handle this year's changes.

Friendship: Friends who can withstand tests help you through difficulties.

Feng Shui: The omen suggests this place has evil spirits.

Personal Fortune: Obstacles, not peaceful.

Weather: Wind conditions not beautiful.

Lost Items: Searching may waste effort.

Travel: Going will bring trouble back.",
100,Divine Omen No. 100,"Divine Omen No. 100: Tang Minghuang Appreciates Flowers
Omen Fortune: Auspicious Omen

Divine Omen Poem:
Hundred flowers compete to bloom, celebrating spring,
All things from now completely turn new.
Don't say poor fortune at the end,
Don't know when extreme misfortune turns to prosperity.

Historical Context:
Ancient people praised Tang Minghuang appreciating flowers: In peaceful and prosperous times, hundred flowers compete in beauty, celebrating new spring, all things from now send off the old and welcome the new. Don't think the last flower to bloom and appreciate is the worst, should understand that when everything reaches the end, it's the beginning of new things. This is the principle of cycles repeating, extreme misfortune turning to prosperity.

Divine Fortune Interpretation:
Huang Daxian's one hundred divine omens, this is the last one. Though it's an auspicious omen, it has the meaning of treasures sinking to the bottom, and also the sign of extreme misfortune turning to prosperity, facing another cycle. Those who obtain it will have bitterness end and sweetness come, fortune turning from weak to strong, everywhere showing vitality. Obtaining this divine omen will surely have new scenery.

Heavenly fortune cycles, nothing goes without return, like hundred flowers competing to bloom, celebrating new spring, all things renew. People also from now correct mistakes and follow goodness, cleanse thoughts and wash heart, old stains and filth, become completely new. Though currently at the extreme of misfortune and blockage, naturally there will be times of smoothness and prosperity. Those who obtain this divine omen will gradually enter better situations, bitterness ends and sweetness comes, turning disaster into fortune.

Fortune Forecast:

Success: Household fortune turns, good wealth prospers, illness gradually cures, marriage also good, travel gradually arrives, pregnancy without harm.

Personal: Livestock and silkworms also bring profit, wealth seekers gradually satisfied, all plans and hopes, very joyful.

Annual Fortune: From difficult to easy, from old to new, from weak to strong, gradually showing dawn light.

Career: More invested in work, faster fortune turns, situation stabilizes, can develop in multiple directions.

Wealth: From ordinary to wealthy, every day has new environment.

Personal Well-being: The omen suggests from frugal to luxurious, absolutely avoid being arrogant.

Family: Within the year has many good events, harmonious feelings between spouses and parent-child.

Romance: That person who once shared adversity with you can also share wealth and honor with you.

Relocation: Though has immigration fortune, but not the best time, instead can consider moving.

Reputation: Maintain humility, you will be more liked and respected.

Health: Constitution turns stronger, illness immediately removed, but must pay attention to more rest.

Friendship: Old friends and new acquaintances often add joy to your work and life.

Feng Shui: Gradually prosper in family and wealth.

Lost Items: Will also find when searching.

Personal Fortune: Extreme decline holds good fortune.

Weather: Desperate situations have vitality.

Travel: Poverty and lowliness turn to wealth and honor.",
